x_bin,y_bin,t_bin,particle_count
-255,205,435,1
-254,98,430,1
-252,-90,96,1
-251,10,143,1
-250,-155,39,1
-248,-56,103,1
-247,-108,65,1
-247,-108,67,1
-246,69,236,1
-239,-62,90,1
-237,161,333,1
-236,-72,99,1
-236,-37,166,1
-234,-152,97,1
-234,-70,101,1
-230,-2,182,1
-229,-45,283,1
-229,-10,181,1
-225,-69,106,1
-225,-46,163,1
-224,115,347,1
-223,-134,31,1
-223,-114,81,1
-223,-51,236,1
-223,-3,171,1
-222,-112,83,1
-221,-246,89,1
-221,-133,30,1
-221,99,273,1
-220,-50,114,1
-220,-39,179,1
-219,-113,96,1
-218,-13,154,1
-217,-22,148,1
-215,-76,116,1
-215,-13,194,1
-213,-31,151,1
-213,54,349,1
-213,68,275,1
-212,-210,87,1
-212,-38,164,1
-212,113,444,1
-211,10,249,1
-210,-74,111,1
-210,217,465,1
-208,-66,104,1
-206,-72,100,1
-206,69,247,1
-205,-86,112,1
-205,132,379,1
-205,135,423,1
-204,42,235,1
-201,212,440,1
-199,-219,29,1
-199,199,453,1
-198,-42,152,1
-198,-1,228,1
-198,199,453,1
-196,-99,80,1
-195,-98,102,1
-194,-45,201,1
-193,-99,86,1
-193,-66,169,1
-193,3,290,1
-191,38,292,1
-190,-66,164,1
-190,-59,231,1
-189,-41,203,1
-187,52,284,1
-186,32,229,1
-186,186,431,1
-185,-77,118,1
-184,-131,219,1
-183,47,308,1
-182,-126,279,1
-180,-90,151,1
-180,-75,135,1
-180,-19,286,2
-179,-143,85,1
-179,147,374,1
-178,120,324,1
-178,121,324,1
-177,-101,155,1
-176,-210,174,1
-176,-206,178,1
-176,-50,172,1
-176,-18,298,1
-176,40,239,1
-176,40,240,1
-176,204,478,1
-175,-23,280,1
-175,30,234,1
-175,160,438,1
-174,-7,241,1
-173,-54,161,1
-172,-86,118,1
-172,50,303,1
-172,64,289,1
-171,-169,139,1
-171,39,239,1
-170,-34,177,1
-169,-49,298,1
-168,-180,109,1
-167,-148,102,1
-167,36,242,1
-166,-142,125,1
-166,-119,149,1
-165,89,316,1
-164,-232,88,1
-164,-127,171,1
-164,-55,190,1
-164,-15,192,1
-163,178,560,1
-162,-176,79,1
-162,-106,224,1
-162,-67,213,1
-161,-258,47,1
-161,-76,133,1
-160,-27,225,1
-159,-30,198,2
-159,16,251,1
-158,-198,21,1
-157,-127,130,1
-156,-111,181,1
-156,-66,150,1
-155,-79,148,1
-155,47,331,1
-155,174,413,1
-154,-1,233,2
-153,-54,192,1
-153,0,242,1
-153,113,383,1
-152,-44,182,1
-152,79,305,1
-151,-265,0,1
-151,-261,112,1
-151,-21,210,2
-151,143,397,1
-149,3,249,1
-149,25,269,1
-149,30,413,1
-149,47,306,1
-148,-148,125,1
-148,33,335,1
-148,59,309,1
-148,231,520,1
-147,-108,116,1
-147,12,261,1
-146,-214,85,1
-146,-214,86,1
-146,-156,128,1
-146,-67,262,1
-145,-78,147,1
-144,43,408,1
-143,-122,120,1
-142,101,370,1
-141,-124,112,1
-141,-94,149,1
-141,-88,153,1
-141,-84,227,1
-141,-54,207,1
-141,41,385,1
-141,67,364,1
-140,-194,190,1
-140,-19,285,1
-140,-1,299,1
-140,6,249,1
-140,45,368,1
-139,-112,210,1
-139,-15,228,1
-138,-9,230,1
-138,-5,268,1
-138,123,380,1
-137,-75,170,1
-137,139,400,2
-136,-43,210,1
-136,-22,224,1
-136,88,353,1
-135,-14,232,1
-135,-2,309,1
-135,3,238,1
-134,-156,163,1
-134,-58,172,1
-133,25,261,1
-133,72,376,1
-132,-153,150,1
-132,-62,169,1
-131,-156,123,1
-131,-22,213,1
-131,-20,216,1
-131,22,268,1
-131,115,388,1
-130,-37,211,1
-130,-21,215,1
-129,-43,339,1
-129,-21,272,1
-129,4,253,1
-129,44,620,1
-129,47,322,1
-129,72,339,1
-129,109,401,1
-128,-116,160,1
-128,-56,259,1
-128,47,303,1
-128,47,307,1
-127,-29,289,1
-127,-25,226,1
-127,4,257,1
-127,51,595,1
-127,141,497,1
-126,-78,172,1
-126,-57,213,1
-126,47,327,1
-126,115,382,1
-125,-43,226,1
-125,28,273,1
-125,43,321,1
-123,-101,182,1
-123,31,327,1
-123,164,413,1
-122,-245,24,1
-122,-194,149,1
-122,-72,205,1
-122,-45,312,1
-122,-33,231,1
-122,31,296,1
-121,-126,166,1
-121,66,335,1
-121,111,432,1
-120,-97,174,1
-120,-96,189,1
-120,-78,195,2
-120,8,290,1
-120,62,321,1
-120,71,346,1
-120,98,396,1
-120,116,531,1
-119,-65,189,1
-119,-64,350,1
-119,-49,206,1
-119,-45,207,1
-119,-41,275,1
-119,-39,218,1
-119,12,265,1
-119,24,314,1
-119,39,294,1
-118,-70,203,1
-118,-40,238,1
-118,-36,229,1
-118,5,355,1
-118,12,264,1
-118,59,344,1
-118,105,423,1
-117,-105,191,1
-117,-38,239,1
-117,-32,225,1
-117,7,254,1
-117,8,253,1
-117,8,254,1
-117,27,294,1
-117,56,309,1
-117,57,339,1
-117,125,472,1
-117,186,484,1
-116,-86,172,1
-116,-86,174,1
-116,113,390,1
-115,48,329,1
-115,115,408,1
-115,170,467,1
-114,-246,34,1
-114,-48,205,1
-114,-36,238,1
-114,-35,290,1
-114,-3,271,1
-114,4,267,1
-114,15,359,1
-113,-112,189,1
-113,-31,226,1
-113,-30,226,1
-113,-26,256,1
-113,27,345,1
-113,34,433,1
-113,49,313,1
-113,141,443,1
-112,-116,176,1
-112,-89,175,1
-112,-49,329,1
-112,-26,259,1
-112,51,455,1
-112,85,345,1
-112,218,559,1
-111,-64,229,1
-111,-54,231,1
-111,-20,317,1
-111,-7,301,1
-111,19,289,1
-110,-109,174,1
-110,21,312,1
-110,23,300,1
-109,-124,280,1
-109,-62,214,1
-109,-25,276,1
-109,19,291,1
-109,89,369,1
-109,91,397,1
-108,-82,213,1
-108,-35,237,1
-108,-28,249,1
-108,-11,261,1
-108,29,293,1
-108,34,307,1
-108,53,324,1
-107,-47,246,1
-107,11,293,1
-107,16,279,1
-107,18,281,1
-107,47,311,1
-106,-125,169,1
-106,-103,155,1
-106,-100,197,1
-106,-29,262,1
-106,36,310,1
-105,-137,151,1
-105,-29,237,1
-105,2,294,1
-105,25,331,1
-105,104,394,1
-105,186,501,1
-104,-74,187,1
-104,-55,205,1
-104,-31,232,1
-104,-12,328,1
-104,11,283,1
-104,12,286,1
-104,46,317,2
-104,143,419,1
-103,-133,153,1
-103,-93,224,1
-103,-67,198,1
-103,-37,333,1
-103,12,323,1
-103,54,342,1
-103,188,503,1
-103,255,652,1
-102,-90,280,1
-102,-3,276,1
-102,43,364,1
-101,-110,180,1
-101,-58,219,1
-101,28,330,1
-101,47,373,1
-101,70,368,1
-100,-61,304,1
-100,-51,267,1
-100,-27,280,1
-100,-7,259,1
-100,11,286,1
-100,15,347,1
-100,16,302,1
-100,24,301,1
-100,93,465,1
-100,249,698,1
-99,-130,197,1
-99,-75,212,1
-99,-42,233,1
-99,26,304,1
-99,108,400,1
-98,-225,120,1
-98,-36,231,1
-98,-35,316,1
-98,-14,264,1
-98,1,285,1
-98,8,381,1
-98,42,340,1
-98,44,316,1
-97,-146,261,1
-97,-87,216,1
-97,-70,218,1
-97,-56,235,1
-97,28,321,1
-97,109,399,1
-96,-146,135,1
-96,-146,259,1
-96,-67,226,1
-96,8,294,1
-96,41,314,1
-96,89,371,1
-95,-163,151,1
-95,-127,163,1
-95,-49,235,1
-95,-30,256,1
-95,-7,279,1
-95,42,370,1
-95,103,378,2
-95,123,396,1
-94,-128,161,1
-94,-61,230,1
-94,-21,330,1
-94,-17,261,1
-94,2,289,1
-94,17,330,1
-94,37,311,1
-94,39,310,1
-94,53,370,1
-94,56,327,1
-94,57,377,1
-94,63,367,1
-93,-184,235,2
-93,-104,180,1
-93,-39,243,1
-93,-32,282,1
-93,-20,248,1
-93,-17,256,1
-92,16,289,1
-92,47,326,1
-91,-166,169,1
-91,-116,180,1
-91,-55,249,1
-91,257,562,1
-90,-81,227,1
-90,-21,249,1
-90,-10,281,1
-90,-5,305,1
-90,43,367,1
-90,56,379,1
-90,61,351,1
-89,-144,141,1
-89,-59,223,1
-89,-49,228,1
-89,-29,243,1
-89,-29,244,1
-89,19,319,1
-89,47,366,1
-89,85,374,1
-89,89,368,2
-89,121,412,1
-88,-162,166,1
-88,-85,207,1
-88,-34,277,1
-88,-22,285,1
-88,-6,281,1
-88,-4,279,1
-88,4,307,1
-88,57,349,1
-88,87,422,1
-88,94,405,1
-87,-133,203,1
-87,-96,196,1
-87,-69,272,1
-87,-68,210,1
-87,-43,235,1
-87,-6,280,1
-87,9,287,1
-87,29,358,1
-87,35,319,2
-87,72,365,1
-86,-72,212,1
-86,-71,219,1
-86,-65,212,1
-86,-33,257,1
-86,-24,303,1
-86,-2,301,1
-86,9,316,1
-86,34,369,1
-85,-145,152,1
-85,-114,178,1
-85,-109,227,1
-85,-72,212,1
-85,-17,308,1
-85,-2,276,1
-85,24,325,1
-85,51,339,1
-85,57,367,1
-85,75,479,1
-85,147,431,1
-84,-86,229,1
-84,-79,226,1
-84,-76,221,1
-84,-37,240,1
-84,-30,282,1
-84,-2,301,1
-84,18,317,1
-84,20,327,1
-84,70,388,1
-84,94,378,1
-83,-186,125,1
-83,-131,227,1
-83,-106,233,1
-83,-75,251,1
-83,-57,225,1
-83,-35,276,1
-83,-16,273,1
-83,-14,288,1
-83,23,307,1
-83,75,382,1
-82,-123,186,1
-82,-71,249,1
-82,-48,263,1
-82,-3,302,1
-82,25,334,1
-82,29,315,1
-82,76,471,1
-82,89,412,1
-81,-236,79,1
-81,-166,136,1
-81,-115,221,1
-81,-72,214,1
-81,-70,216,1
-81,-67,223,1
-81,-62,250,1
-81,11,302,1
-81,56,396,1
-81,65,351,1
-81,72,448,1
-81,96,431,1
-81,145,433,1
-80,-80,207,1
-80,-29,268,2
-80,-15,272,1
-80,-5,280,1
-80,1,285,1
-80,17,298,1
-80,17,299,1
-80,27,318,1
-80,61,367,1
-80,65,354,1
-79,-178,152,1
-79,-56,228,1
-79,-46,258,1
-79,-34,307,1
-79,-23,280,1
-79,43,327,1
-79,70,395,1
-79,112,402,1
-79,124,426,1
-78,-114,224,1
-78,-72,256,1
-78,-51,258,1
-78,34,338,1
-78,54,369,1
-78,60,362,1
-77,-210,134,1
-77,-133,210,1
-77,-43,249,1
-77,-40,286,1
-77,8,296,1
-77,8,309,1
-77,27,337,1
-77,49,349,1
-77,125,429,1
-77,186,520,1
-76,-247,91,1
-76,-167,143,1
-76,-134,211,1
-76,-87,237,1
-76,-67,233,1
-76,-49,289,1
-76,-41,250,1
-76,-34,329,1
-76,-27,284,1
-76,-16,287,1
-76,8,361,1
-76,14,349,1
-76,22,386,1
-76,49,353,1
-76,129,422,1
-76,239,565,1
-75,-90,273,1
-75,-73,233,1
-75,-56,293,1
-75,-18,291,1
-75,-13,309,1
-75,11,299,1
-75,17,305,1
-75,25,382,1
-75,36,338,1
-75,47,347,1
-75,52,340,2
-75,53,342,1
-75,129,423,1
-74,-109,230,1
-74,-87,211,1
-74,-82,210,1
-74,-24,326,1
-74,55,346,1
-74,154,456,1
-73,-120,215,1
-73,-99,213,1
-73,-93,232,1
-73,-60,233,1
-73,-39,261,1
-73,-30,258,1
-73,-26,278,1
-73,-13,279,1
-73,35,429,1
-73,64,364,1
-73,120,441,1
-72,-105,259,1
-72,-104,189,1
-72,-41,255,1
-72,-30,259,1
-72,-24,277,1
-72,-19,310,1
-72,-16,358,1
-72,20,331,1
-72,21,344,1
-72,34,332,1
-72,98,522,1
-72,105,402,1
-71,-158,186,1
-71,-113,189,1
-71,-96,218,1
-71,-73,219,1
-71,-73,239,1
-71,-70,231,1
-71,-39,258,1
-71,-34,271,1
-71,-14,310,1
-71,17,320,1
-71,21,341,1
-71,29,374,1
-71,64,360,1
-71,67,383,1
-71,76,409,1
-70,-67,247,1
-70,-66,231,1
-70,-9,303,1
-70,3,297,1
-70,12,323,1
-70,43,372,2
-70,44,337,1
-70,63,359,1
-69,-116,191,1
-69,-74,220,1
-69,-45,286,1
-69,-30,274,1
-69,-21,314,1
-69,50,354,1
-69,53,355,1
-69,79,388,1
-68,-163,235,1
-68,-63,263,1
-68,-25,291,1
-68,-18,309,1
-68,-14,281,1
-68,-8,341,1
-68,18,319,1
-68,22,320,1
-68,25,319,1
-68,30,323,1
-68,40,338,1
-68,40,395,1
-68,116,433,1
-68,200,660,1
-67,-109,189,1
-67,-83,252,1
-67,-69,249,1
-67,-49,263,1
-67,-41,293,1
-67,-27,309,1
-67,-10,287,1
-67,-3,293,1
-67,0,294,1
-67,6,305,1
-67,18,310,1
-67,26,323,1
-67,35,335,1
-67,65,381,2
-67,70,385,1
-66,-67,292,1
-66,-47,259,1
-66,-44,249,1
-66,-33,279,1
-66,-13,284,1
-66,-13,295,1
-66,-7,293,1
-66,4,300,1
-66,10,321,1
-66,12,311,1
-66,26,323,1
-66,35,336,1
-66,41,341,1
-66,42,340,1
-66,130,479,1
-66,223,666,1
-65,-116,204,1
-65,-74,256,1
-65,-70,319,1
-65,-21,282,1
-65,-4,312,1
-65,0,307,1
-65,10,357,1
-65,12,356,1
-65,33,343,1
-65,72,390,1
-65,78,431,1
-65,82,385,1
-65,83,400,1
-65,142,487,1
-64,-95,217,1
-64,-78,276,1
-64,-68,248,1
-64,-63,238,1
-64,-45,323,1
-64,-31,302,1
-64,-4,292,1
-64,-4,327,1
-64,0,298,1
-64,26,325,1
-64,41,345,1
-64,60,392,1
-64,118,452,1
-64,200,516,1
-63,-118,221,1
-63,-98,253,1
-63,-69,254,2
-63,-43,259,1
-63,-37,285,1
-63,-37,287,1
-63,-23,294,1
-63,-22,282,1
-63,-8,306,1
-63,-3,326,1
-63,1,387,1
-63,2,334,1
-63,3,306,1
-63,15,317,1
-63,20,355,1
-63,67,392,1
-63,109,411,2
-62,-103,233,1
-62,-58,332,1
-62,-49,259,1
-62,-36,264,1
-62,-35,265,1
-62,-27,282,1
-62,-22,337,1
-62,-21,306,1
-62,6,310,1
-62,14,321,1
-62,21,324,1
-62,27,331,1
-62,30,327,1
-62,34,334,1
-62,39,371,1
-62,85,390,1
-62,102,411,1
-61,-116,233,1
-61,-75,316,1
-61,-72,238,1
-61,-57,254,1
-61,-45,297,1
-61,-39,271,1
-61,-23,307,1
-61,-19,290,1
-61,-16,283,1
-61,-12,290,1
-61,1,324,1
-61,2,335,1
-61,8,313,1
-61,22,323,1
-61,24,330,1
-61,45,345,1
-61,45,346,1
-61,72,380,1
-61,91,396,1
-60,-94,209,1
-60,-86,324,1
-60,-39,291,1
-60,-27,283,1
-60,-24,284,1
-60,-19,282,1
-60,-16,289,1
-60,-13,338,1
-60,-5,325,1
-60,0,300,1
-60,7,318,1
-60,10,331,1
-60,31,345,1
-60,41,342,1
-60,49,409,1
-60,77,415,1
-60,133,556,1
-59,-214,124,1
-59,-78,235,1
-59,-76,251,1
-59,-52,251,1
-59,-43,263,1
-59,-41,271,1
-59,-37,272,1
-59,-19,286,1
-59,-11,313,1
-59,-10,296,1
-59,-4,329,1
-59,-2,308,1
-59,2,340,1
-59,2,362,1
-59,14,328,1
-59,16,353,1
-59,36,339,1
-59,59,392,1
-59,66,390,1
-59,110,424,1
-58,-131,203,1
-58,-94,210,1
-58,-77,235,1
-58,-70,244,1
-58,-38,300,1
-58,-37,269,1
-58,-28,416,1
-58,-15,293,1
-58,-13,308,1
-58,2,302,1
-58,19,337,2
-58,21,356,1
-58,39,345,1
-58,42,348,1
-58,42,368,1
-58,44,384,1
-58,62,401,1
-57,-243,181,1
-57,-137,211,1
-57,-124,211,1
-57,-28,312,1
-57,-22,283,1
-57,-21,297,1
-57,-7,298,1
-57,-1,332,1
-57,9,319,1
-57,11,329,1
-57,14,352,1
-57,14,366,1
-57,22,328,1
-57,24,330,1
-57,32,384,1
-57,33,337,1
-57,46,383,1
-57,50,356,1
-57,51,357,1
-57,58,363,1
-57,59,363,1
-57,82,393,1
-57,226,567,1
-56,-95,271,1
-56,-90,224,1
-56,-55,293,1
-56,-46,261,1
-56,-43,294,1
-56,-31,324,1
-56,-27,305,1
-56,-11,296,1
-56,1,315,1
-56,15,340,1
-56,56,377,1
-56,63,391,1
-55,-106,204,1
-55,-98,223,1
-55,-83,250,1
-55,-74,258,1
-55,-65,244,1
-55,-65,245,1
-55,-64,246,1
-55,-38,282,1
-55,-10,303,1
-55,-8,330,1
-55,5,323,1
-55,13,335,1
-55,44,380,1
-55,70,394,1
-55,74,395,1
-55,89,434,1
-55,97,424,1
-55,152,516,1
-54,-90,256,1
-54,-80,263,1
-54,-76,381,1
-54,-66,254,1
-54,-63,277,1
-54,-61,264,1
-54,-60,250,1
-54,-59,266,1
-54,-47,276,1
-54,-46,268,1
-54,-36,281,1
-54,-17,295,1
-54,-14,293,1
-54,-5,304,1
-54,-4,341,1
-54,2,321,1
-54,3,318,1
-54,47,366,1
-54,76,397,1
-54,98,424,1
-54,130,497,1
-53,-89,227,1
-53,-61,264,1
-53,-54,258,1
-53,-40,271,1
-53,-37,274,2
-53,-33,285,1
-53,-28,287,1
-53,-26,289,1
-53,-16,297,1
-53,-3,327,1
-53,9,324,1
-53,15,337,2
-53,32,371,1
-53,110,505,1
-52,-95,337,1
-52,-73,265,1
-52,-54,282,1
-52,-43,265,1
-52,-28,284,1
-52,-27,334,1
-52,-24,299,1
-52,-23,289,1
-52,-22,290,1
-52,-15,292,1
-52,-12,336,1
-52,-5,352,1
-52,-4,321,1
-52,6,344,1
-52,13,365,1
-52,15,371,1
-52,21,339,1
-51,-99,232,1
-51,-61,254,1
-51,-49,281,1
-51,-29,283,1
-51,-19,317,1
-51,-5,306,1
-51,-3,306,2
-51,7,342,1
-51,14,325,1
-51,20,333,1
-51,25,367,1
-51,31,341,1
-51,41,353,1
-51,45,372,1
-51,69,382,1
-51,89,417,1
-51,108,467,1
-51,112,462,1
-51,130,513,1
-51,131,497,1
-50,-76,239,1
-50,-72,256,1
-50,-64,254,1
-50,-62,257,1
-50,-57,257,1
-50,-47,283,1
-50,-28,356,1
-50,-22,305,1
-50,-14,316,1
-50,-6,316,1
-50,-6,318,1
-50,1,321,1
-50,11,395,1
-50,16,331,1
-50,21,368,1
-50,22,346,1
-50,37,355,1
-50,42,406,1
-50,43,371,1
-50,55,370,1
-50,63,384,1
-50,134,454,2
-50,196,532,1
-49,-105,216,1
-49,-104,216,1
-49,-92,239,1
-49,-66,250,1
-49,-66,270,1
-49,-36,306,1
-49,-32,281,1
-49,-26,287,1
-49,-22,292,1
-49,-17,295,1
-49,-17,299,1
-49,-15,297,1
-49,-9,301,1
-49,0,310,1
-49,0,355,1
-49,23,337,1
-49,23,343,1
-49,25,338,1
-49,51,375,1
-49,55,368,1
-49,82,407,1
-49,99,436,1
-49,106,479,1
-49,131,481,1
-48,-232,136,1
-48,-95,223,1
-48,-53,267,1
-48,-51,273,1
-48,-37,284,1
-48,-30,296,1
-48,-20,291,1
-48,-9,323,1
-48,-1,324,1
-48,2,336,1
-48,6,318,1
-48,15,355,1
-48,18,331,2
-48,19,333,1
-48,23,341,1
-48,25,339,1
-48,44,355,2
-48,44,363,1
-48,47,366,1
-48,52,368,1
-48,57,375,1
-47,-175,181,1
-47,-108,217,1
-47,-107,217,1
-47,-82,235,2
-47,-54,274,1
-47,-43,361,1
-47,-37,277,1
-47,-23,294,1
-47,-13,303,1
-47,5,318,1
-47,17,336,1
-47,25,349,1
-47,27,343,1
-47,43,364,1
-47,81,402,1
-46,-206,171,1
-46,-88,236,1
-46,-88,286,1
-46,-52,304,1
-46,-33,296,1
-46,-29,296,2
-46,-26,341,1
-46,-22,292,1
-46,-22,293,1
-46,-13,331,1
-46,-8,324,1
-46,-4,335,1
-46,-2,335,1
-46,-1,315,2
-46,7,321,1
-46,15,371,1
-46,17,333,1
-46,20,384,1
-46,23,344,1
-46,34,352,1
-46,40,359,1
-46,44,378,1
-46,47,367,1
-46,199,673,1
-45,-138,295,1
-45,-132,451,1
-45,-91,265,1
-45,-69,263,1
-45,-53,296,1
-45,-48,272,1
-45,-45,274,1
-45,-39,286,1
-45,-31,290,1
-45,-26,321,1
-45,-18,305,1
-45,-16,381,1
-45,-14,316,1
-45,-6,309,1
-45,-6,318,1
-45,-5,309,1
-45,8,346,1
-45,21,343,1
-45,35,375,1
-45,41,362,1
-45,43,396,1
-45,47,407,1
-45,67,432,1
-45,74,406,1
-45,92,413,2
-44,-151,241,1
-44,-95,289,2
-44,-86,267,1
-44,-84,250,1
-44,-57,262,1
-44,-45,283,1
-44,-39,288,1
-44,-36,299,1
-44,-27,296,1
-44,-26,300,1
-44,-21,297,1
-44,-20,307,1
-44,-18,302,1
-44,-5,311,1
-44,-4,312,1
-44,-2,321,1
-44,4,322,1
-44,20,366,1
-44,28,353,1
-44,43,360,1
-44,43,387,1
-44,46,364,1
-44,52,407,1
-44,58,406,1
-44,69,431,1
-44,81,407,1
-44,121,444,1
-43,-135,206,2
-43,-124,227,1
-43,-73,297,1
-43,-61,274,1
-43,-60,260,1
-43,-44,281,1
-43,-44,303,1
-43,-39,288,1
-43,-34,313,1
-43,-25,295,1
-43,-21,297,1
-43,-19,300,1
-43,-14,318,1
-43,-13,302,1
-43,-8,367,1
-43,1,321,1
-43,2,321,1
-43,17,342,1
-43,24,359,1
-43,25,365,1
-43,35,355,1
-43,38,355,1
-43,40,357,1
-43,60,395,1
-43,74,402,1
-43,110,431,1
-43,119,478,1
-42,-163,183,1
-42,-79,262,1
-42,-51,268,1
-42,-42,285,1
-42,-38,313,1
-42,-35,296,1
-42,-27,291,1
-42,-16,347,1
-42,-14,315,1
-42,-10,308,1
-42,-7,315,1
-42,-6,376,1
-42,-1,336,1
-42,1,318,1
-42,2,326,1
-42,3,327,1
-42,6,326,1
-42,8,345,1
-42,13,335,1
-42,29,355,1
-42,93,442,1
-42,149,490,2
-42,205,610,1
-41,-121,232,1
-41,-90,233,1
-41,-71,419,1
-41,-68,271,1
-41,-59,267,1
-41,-50,279,1
-41,-37,307,1
-41,-34,298,1
-41,-29,288,2
-41,-28,309,1
-41,-28,355,1
-41,-24,302,1
-41,-22,305,1
-41,-20,305,1
-41,-17,306,1
-41,-11,322,1
-41,-6,329,1
-41,-3,331,1
-41,-2,330,1
-41,5,346,1
-41,6,385,1
-41,8,331,1
-41,8,376,1
-41,10,348,1
-41,12,334,1
-41,12,348,1
-41,30,363,1
-41,40,372,1
-41,48,368,1
-41,77,437,1
-41,148,493,1
-40,-236,162,1
-40,-48,299,1
-40,-33,287,1
-40,-32,299,1
-40,-31,291,1
-40,-24,298,1
-40,-21,298,1
-40,-19,300,1
-40,-18,315,1
-40,-13,356,1
-40,-8,319,1
-40,-7,315,1
-40,-6,315,1
-40,-6,318,1
-40,3,323,1
-40,4,337,1
-40,5,343,1
-40,10,334,1
-40,13,334,1
-40,16,350,1
-40,18,343,1
-40,19,344,1
-40,27,354,1
-40,46,382,1
-40,141,473,1
-39,-122,218,1
-39,-87,244,1
-39,-73,260,1
-39,-62,262,1
-39,-41,299,1
-39,-40,308,1
-39,-39,304,1
-39,-28,295,1
-39,-26,296,1
-39,-23,302,1
-39,-15,311,1
-39,-9,319,1
-39,-7,317,1
-39,-4,321,1
-39,3,326,1
-39,6,334,1
-39,8,333,1
-39,9,333,1
-39,10,330,1
-39,24,348,1
-39,24,380,1
-39,33,400,1
-39,45,379,1
-39,47,378,1
-39,50,372,1
-39,53,422,1
-39,58,428,1
-39,100,439,1
-39,101,439,1
-39,103,492,1
-39,151,539,1
-39,152,503,1
-39,191,570,1
-38,-157,275,1
-38,-90,300,1
-38,-54,288,1
-38,-53,290,1
-38,-37,291,1
-38,-34,292,1
-38,-28,316,1
-38,-25,296,1
-38,-22,308,1
-38,-11,311,1
-38,-10,369,1
-38,-8,374,1
-38,-4,323,1
-38,-3,319,1
-38,-1,323,1
-38,-1,349,1
-38,2,327,1
-38,4,352,1
-38,5,327,1
-38,8,333,1
-38,12,349,1
-38,13,334,1
-38,13,335,1
-38,14,338,1
-38,25,346,1
-38,25,347,1
-38,36,384,1
-38,39,390,1
-38,73,421,1
-38,80,410,1
-38,95,444,1
-38,117,498,1
-38,191,534,1
-37,-187,177,1
-37,-86,248,1
-37,-80,258,1
-37,-66,282,1
-37,-52,283,1
-37,-45,294,1
-37,-44,285,1
-37,-30,293,1
-37,-29,293,1
-37,-29,295,1
-37,-24,304,1
-37,-22,300,1
-37,-19,307,1
-37,-9,312,1
-37,-8,364,1
-37,-6,321,1
-37,-6,342,1
-37,1,325,1
-37,2,358,1
-37,3,331,1
-37,8,367,1
-37,14,339,1
-37,16,382,1
-37,20,344,1
-37,35,373,2
-37,41,369,1
-37,50,373,1
-37,57,416,1
-37,81,412,1
-37,81,421,1
-37,117,514,1
-37,146,497,1
-36,-241,222,1
-36,-89,273,1
-36,-57,273,1
-36,-55,269,1
-36,-46,301,1
-36,-45,321,1
-36,-44,286,1
-36,-39,301,1
-36,-37,313,1
-36,-33,294,1
-36,-30,341,1
-36,-29,297,1
-36,-27,297,1
-36,-25,302,1
-36,-23,299,1
-36,-21,342,1
-36,-16,312,1
-36,-11,323,1
-36,-10,323,1
-36,-9,315,1
-36,-9,362,1
-36,-2,325,1
-36,-1,324,1
-36,0,358,1
-36,11,344,1
-36,11,355,1
-36,14,343,1
-36,17,391,1
-36,18,344,1
-36,21,357,1
-36,22,370,1
-36,30,375,1
-36,36,373,1
-36,41,365,1
-35,-234,119,1
-35,-82,273,1
-35,-81,273,1
-35,-69,271,1
-35,-59,296,1
-35,-50,289,1
-35,-48,303,1
-35,-43,294,1
-35,-32,294,1
-35,-17,308,1
-35,-11,341,1
-35,-7,350,1
-35,-6,319,1
-35,-4,332,1
-35,-3,320,2
-35,0,334,1
-35,4,351,1
-35,10,334,1
-35,10,335,1
-35,12,341,1
-35,13,336,1
-35,14,353,1
-35,15,347,1
-35,18,354,1
-35,19,346,1
-35,20,353,1
-35,29,357,1
-35,38,370,1
-35,49,380,1
-35,54,405,1
-35,57,389,1
-35,77,435,1
-35,86,416,1
-35,169,520,1
-34,-102,240,1
-34,-68,264,1
-34,-50,285,1
-34,-32,295,1
-34,-31,295,1
-34,-31,335,1
-34,-28,297,1
-34,-21,310,1
-34,-16,309,1
-34,-15,321,1
-34,-12,312,1
-34,-11,314,1
-34,-6,320,1
-34,-6,330,1
-34,-4,328,1
-34,-3,321,1
-34,-3,329,1
-34,-1,370,1
-34,0,324,1
-34,4,330,1
-34,5,350,1
-34,6,335,1
-34,7,332,1
-34,13,338,1
-34,16,354,1
-34,18,343,1
-34,19,344,1
-34,21,351,1
-34,22,364,1
-34,22,430,1
-34,25,359,1
-34,28,356,1
-34,30,357,1
-34,30,361,1
-34,40,399,1
-34,42,367,1
-34,45,387,1
-34,47,387,1
-34,58,387,1
-34,100,460,1
-33,-149,209,1
-33,-102,317,1
-33,-78,264,1
-33,-67,268,1
-33,-65,268,1
-33,-61,265,1
-33,-60,278,1
-33,-56,321,1
-33,-45,289,1
-33,-37,306,1
-33,-34,301,1
-33,-33,294,1
-33,-30,301,1
-33,-23,308,1
-33,-21,308,1
-33,-16,339,1
-33,-14,352,1
-33,-13,313,1
-33,-10,315,1
-33,-1,339,1
-33,2,332,1
-33,3,329,1
-33,8,336,1
-33,8,346,1
-33,9,337,1
-33,9,339,1
-33,10,336,1
-33,10,337,1
-33,14,349,1
-33,15,359,1
-33,16,348,1
-33,17,357,1
-33,18,343,1
-33,19,348,1
-33,20,348,1
-33,21,361,1
-33,24,352,1
-33,24,361,1
-33,34,364,1
-33,42,367,1
-33,42,389,1
-33,49,374,1
-33,52,394,1
-33,59,393,1
-33,69,445,1
-33,93,435,1
-33,157,497,1
-32,-79,256,1
-32,-62,266,1
-32,-59,271,1
-32,-39,294,1
-32,-36,293,1
-32,-30,314,1
-32,-27,300,1
-32,-26,305,1
-32,-25,303,1
-32,-24,322,1
-32,-20,307,1
-32,-19,310,1
-32,-19,315,1
-32,-17,308,1
-32,-16,314,1
-32,-14,337,1
-32,-6,322,1
-32,-2,325,1
-32,-2,327,1
-32,5,364,1
-32,6,342,1
-32,6,354,1
-32,8,334,1
-32,10,347,1
-32,10,348,1
-32,15,369,1
-32,20,358,2
-32,22,364,1
-32,23,366,1
-32,37,383,1
-32,42,371,1
-32,44,382,1
-32,58,389,1
-32,78,442,1
-31,-200,177,1
-31,-124,213,1
-31,-124,214,1
-31,-90,256,1
-31,-83,263,1
-31,-83,264,1
-31,-65,269,1
-31,-52,297,1
-31,-52,337,1
-31,-35,293,1
-31,-32,296,1
-31,-31,296,1
-31,-28,318,1
-31,-25,309,1
-31,-24,303,1
-31,-19,313,1
-31,-14,331,1
-31,-7,326,1
-31,-6,324,1
-31,-3,332,1
-31,1,329,1
-31,6,365,1
-31,8,345,1
-31,9,339,1
-31,9,344,1
-31,9,350,1
-31,10,359,1
-31,21,354,1
-31,24,369,1
-31,27,387,1
-31,30,371,1
-31,38,366,1
-31,40,385,1
-31,48,399,1
-31,55,405,1
-31,90,422,1
-30,-169,229,1
-30,-111,310,1
-30,-90,283,1
-30,-78,283,1
-30,-62,268,1
-30,-62,269,1
-30,-60,270,1
-30,-60,278,1
-30,-60,285,1
-30,-57,278,1
-30,-52,304,1
-30,-46,289,1
-30,-45,289,1
-30,-41,344,1
-30,-40,293,1
-30,-40,294,1
-30,-33,316,1
-30,-27,302,1
-30,-22,307,1
-30,-17,311,1
-30,-17,312,1
-30,-16,320,1
-30,-11,330,1
-30,1,333,1
-30,4,334,1
-30,6,338,2
-30,8,337,1
-30,8,360,1
-30,14,342,1
-30,17,352,1
-30,32,373,2
-30,36,368,1
-30,39,369,1
-30,43,399,1
-30,46,381,1
-30,52,398,1
-30,66,402,1
-30,70,433,1
-30,76,477,1
-30,116,461,1
-29,-86,256,1
-29,-55,275,1
-29,-50,281,1
-29,-42,352,1
-29,-39,308,1
-29,-37,304,1
-29,-36,308,1
-29,-30,302,1
-29,-30,303,1
-29,-27,316,1
-29,-25,307,1
-29,-24,320,1
-29,-23,316,1
-29,-23,318,1
-29,-20,308,1
-29,-20,311,1
-29,-18,323,1
-29,-17,318,1
-29,-16,313,1
-29,-13,319,1
-29,-13,327,1
-29,-10,328,1
-29,-2,331,1
-29,-1,339,1
-29,3,335,1
-29,3,336,1
-29,3,354,1
-29,5,337,1
-29,5,342,1
-29,6,337,1
-29,9,338,1
-29,11,348,1
-29,14,346,2
-29,19,350,1
-29,23,369,1
-29,23,371,1
-29,33,362,1
-29,33,379,1
-29,36,378,1
-29,39,372,1
-29,42,376,1
-29,49,387,1
-29,66,415,1
-29,95,428,1
-29,95,432,1
-28,-87,276,1
-28,-86,251,1
-28,-70,273,1
-28,-63,271,1
-28,-58,277,1
-28,-55,294,1
-28,-45,291,1
-28,-42,329,1
-28,-36,295,1
-28,-35,296,1
-28,-35,298,1
-28,-35,301,1
-28,-31,323,1
-28,-25,311,1
-28,-17,322,1
-28,-15,373,1
-28,-14,320,1
-28,-14,342,1
-28,-10,320,1
-28,-10,325,1
-28,-10,328,1
-28,-9,322,1
-28,-6,327,1
-28,-4,325,1
-28,-3,327,1
-28,-3,328,1
-28,-3,344,1
-28,0,331,1
-28,6,337,1
-28,7,337,1
-28,9,348,1
-28,10,357,1
-28,14,347,1
-28,15,368,1
-28,23,360,1
-28,27,358,1
-28,28,359,1
-28,31,362,1
-28,34,369,1
-28,46,387,1
-28,69,456,1
-28,87,442,1
-28,94,433,1
-28,127,492,1
-27,-142,207,1
-27,-58,296,1
-27,-46,289,1
-27,-46,313,1
-27,-41,294,1
-27,-35,299,1
-27,-32,330,1
-27,-31,325,1
-27,-24,313,1
-27,-17,338,1
-27,-14,321,1
-27,-13,321,1
-27,-11,324,1
-27,-10,323,1
-27,-9,322,1
-27,-2,339,1
-27,-2,345,1
-27,-1,335,1
-27,-1,338,1
-27,1,332,1
-27,5,338,1
-27,5,345,1
-27,7,341,1
-27,8,339,1
-27,9,343,1
-27,10,341,1
-27,12,346,1
-27,12,347,1
-27,12,348,1
-27,17,348,1
-27,20,355,1
-27,28,360,1
-27,29,360,1
-27,72,405,1
-27,75,445,1
-27,102,456,1
-27,125,465,1
-27,157,516,1
-26,-145,204,1
-26,-139,211,1
-26,-96,262,1
-26,-86,258,1
-26,-79,297,1
-26,-75,281,1
-26,-72,304,1
-26,-67,267,1
-26,-53,280,1
-26,-49,300,1
-26,-42,293,1
-26,-36,316,1
-26,-34,360,1
-26,-33,338,1
-26,-30,319,1
-26,-26,352,1
-26,-25,321,1
-26,-21,316,1
-26,-21,318,1
-26,-21,336,1
-26,-17,320,1
-26,-16,322,1
-26,-16,331,1
-26,-12,326,1
-26,-9,322,1
-26,-9,327,1
-26,-7,330,1
-26,-7,335,1
-26,-7,342,1
-26,-4,329,1
-26,-3,329,1
-26,-3,346,1
-26,-2,334,1
-26,2,333,1
-26,4,342,1
-26,5,343,1
-26,5,350,1
-26,6,339,1
-26,9,347,1
-26,12,364,1
-26,14,352,1
-26,17,352,1
-26,21,370,1
-26,22,358,1
-26,23,365,1
-26,23,367,1
-26,23,372,1
-26,31,364,1
-26,37,381,1
-26,38,387,1
-26,45,386,1
-26,47,391,1
-26,48,440,1
-26,73,406,1
-26,101,455,1
-26,105,470,1
-26,107,453,1
-26,110,483,1
-26,119,511,1
-25,-173,234,1
-25,-68,318,1
-25,-53,313,2
-25,-41,322,1
-25,-40,297,1
-25,-39,334,1
-25,-34,307,1
-25,-33,306,1
-25,-28,308,1
-25,-18,315,1
-25,-18,327,1
-25,-14,322,1
-25,-13,322,1
-25,-13,343,1
-25,-13,350,1
-25,-11,323,1
-25,-10,325,1
-25,-7,340,1
-25,-3,330,1
-25,-3,346,1
-25,-1,333,1
-25,1,355,1
-25,5,338,1
-25,8,357,1
-25,8,373,1
-25,9,342,3
-25,12,364,1
-25,13,346,1
-25,14,348,1
-25,22,370,1
-25,25,363,1
-25,28,398,1
-25,32,370,1
-25,33,367,1
-25,35,381,1
-25,39,378,1
-25,44,391,1
-25,48,384,1
-25,48,401,1
-25,62,396,1
-25,88,434,1
-25,160,509,1
-24,-239,162,1
-24,-87,252,1
-24,-87,277,1
-24,-64,282,1
-24,-57,286,1
-24,-54,314,1
-24,-53,283,1
-24,-50,293,1
-24,-48,292,1
-24,-39,342,1
-24,-34,312,1
-24,-34,313,1
-24,-34,329,1
-24,-30,308,1
-24,-25,315,1
-24,-24,331,1
-24,-22,315,1
-24,-21,322,1
-24,-18,318,1
-24,-18,333,1
-24,-17,326,1
-24,-15,319,1
-24,-11,326,1
-24,-10,324,1
-24,-9,325,1
-24,-8,335,1
-24,-6,333,1
-24,-6,334,1
-24,-5,329,1
-24,-5,331,1
-24,-5,333,1
-24,-1,334,1
-24,-1,362,1
-24,1,337,1
-24,1,359,1
-24,2,336,1
-24,2,337,1
-24,2,352,1
-24,8,371,1
-24,12,346,1
-24,13,352,1
-24,14,349,2
-24,16,349,1
-24,20,388,1
-24,21,377,1
-24,25,365,1
-24,27,385,1
-24,29,364,1
-24,32,374,1
-24,33,410,1
-24,40,401,1
-24,42,377,1
-24,49,385,1
-24,56,400,1
-24,62,397,1
-24,73,416,1
-24,96,438,1
-23,-105,277,1
-23,-74,284,1
-23,-53,284,1
-23,-49,413,1
-23,-48,302,1
-23,-46,294,2
-23,-43,294,1
-23,-35,312,1
-23,-33,322,1
-23,-31,318,1
-23,-27,322,1
-23,-24,321,1
-23,-18,319,1
-23,-17,332,1
-23,-16,328,1
-23,-14,324,1
-23,-14,342,1
-23,-12,325,1
-23,-12,336,1
-23,-6,329,1
-23,-6,335,1
-23,-4,351,1
-23,-4,385,1
-23,-3,333,1
-23,-3,337,1
-23,-3,344,1
-23,-2,360,1
-23,0,334,1
-23,0,336,1
-23,3,339,1
-23,3,341,1
-23,6,341,1
-23,8,344,1
-23,8,347,1
-23,11,348,1
-23,11,353,1
-23,16,353,1
-23,20,411,1
-23,26,367,1
-23,26,374,1
-23,27,362,1
-23,28,365,1
-23,28,394,1
-23,30,368,1
-23,30,380,1
-23,39,384,1
-23,39,437,1
-23,43,420,1
-23,47,407,1
-23,61,398,1
-23,61,402,1
-23,61,422,1
-23,81,439,1
-23,83,474,1
-23,85,466,1
-23,91,528,1
-23,110,466,1
-23,162,519,1
-22,-220,281,1
-22,-107,283,1
-22,-66,291,1
-22,-63,327,1
-22,-62,284,1
-22,-58,312,1
-22,-52,299,1
-22,-45,293,1
-22,-43,301,1
-22,-41,301,1
-22,-35,341,1
-22,-30,308,1
-22,-26,337,1
-22,-25,328,1
-22,-24,313,1
-22,-23,326,1
-22,-22,342,1
-22,-21,315,1
-22,-21,318,1
-22,-19,332,1
-22,-18,319,1
-22,-15,329,1
-22,-13,322,1
-22,-13,323,1
-22,-13,328,1
-22,-12,338,1
-22,-12,343,1
-22,-11,326,1
-22,-10,327,1
-22,-9,333,1
-22,-8,340,1
-22,-7,330,1
-22,-6,333,1
-22,-5,331,1
-22,-5,332,1
-22,-5,339,1
-22,-2,335,1
-22,-1,336,1
-22,0,335,1
-22,1,340,1
-22,2,355,1
-22,4,349,1
-22,5,342,1
-22,6,383,1
-22,11,359,1
-22,15,351,3
-22,26,374,1
-22,28,368,1
-22,29,370,1
-22,32,397,1
-22,47,384,1
-22,91,527,1
-21,-86,275,1
-21,-71,283,1
-21,-59,299,1
-21,-57,312,1
-21,-53,299,1
-21,-39,300,1
-21,-35,310,1
-21,-26,319,1
-21,-25,317,1
-21,-25,330,1
-21,-22,379,1
-21,-20,328,1
-21,-17,323,2
-21,-14,328,1
-21,-11,327,1
-21,-8,345,1
-21,-6,334,1
-21,-5,368,1
-21,-2,340,1
-21,0,358,1
-21,1,338,2
-21,1,345,1
-21,2,353,1
-21,4,362,1
-21,5,342,1
-21,6,346,1
-21,9,348,1
-21,10,349,1
-21,15,389,1
-21,25,368,1
-21,26,363,1
-21,30,371,1
-21,36,385,1
-21,36,387,1
-21,37,414,1
-21,65,413,1
-21,68,423,1
-21,74,433,1
-21,111,491,1
-21,124,510,1
-21,152,501,1
-20,-196,234,1
-20,-108,263,1
-20,-103,241,1
-20,-93,268,1
-20,-69,271,1
-20,-56,290,1
-20,-48,301,1
-20,-45,309,1
-20,-36,305,1
-20,-34,305,1
-20,-33,311,1
-20,-31,309,1
-20,-26,331,1
-20,-25,315,1
-20,-23,318,1
-20,-23,321,1
-20,-19,348,1
-20,-18,321,1
-20,-18,331,1
-20,-7,332,1
-20,-7,343,1
-20,-6,335,1
-20,-6,340,1
-20,-5,338,1
-20,-5,342,1
-20,-4,342,1
-20,1,339,1
-20,1,340,1
-20,2,343,1
-20,3,342,1
-20,3,348,1
-20,11,368,1
-20,12,351,1
-20,13,355,1
-20,13,362,1
-20,15,353,1
-20,16,357,1
-20,17,357,1
-20,17,358,1
-20,17,371,1
-20,21,365,1
-20,21,376,1
-20,27,377,1
-20,28,378,1
-20,29,367,1
-20,29,379,1
-20,40,379,1
-20,46,389,1
-20,85,440,1
-20,87,488,1
-20,95,454,1
-20,102,488,1
-20,208,628,1
-19,-118,242,1
-19,-102,248,1
-19,-87,468,1
-19,-62,288,1
-19,-60,321,1
-19,-59,282,2
-19,-57,290,1
-19,-54,290,1
-19,-44,306,1
-19,-41,300,1
-19,-38,303,1
-19,-37,338,1
-19,-32,308,1
-19,-25,326,1
-19,-23,316,2
-19,-22,319,1
-19,-18,323,1
-19,-18,328,1
-19,-17,325,1
-19,-16,337,1
-19,-14,324,1
-19,-13,345,1
-19,-12,327,1
-19,-12,340,1
-19,-11,328,1
-19,-11,349,1
-19,-10,331,1
-19,-7,335,1
-19,-5,335,1
-19,-5,349,1
-19,-5,398,1
-19,-3,336,1
-19,-3,338,1
-19,-3,341,1
-19,-2,337,1
-19,-1,338,2
-19,-1,341,1
-19,0,341,1
-19,0,343,1
-19,3,345,1
-19,3,355,1
-19,5,344,1
-19,5,345,1
-19,5,346,1
-19,5,348,1
-19,6,391,1
-19,10,374,1
-19,11,351,1
-19,12,351,1
-19,12,356,1
-19,13,351,1
-19,14,360,1
-19,15,356,1
-19,17,357,1
-19,21,362,1
-19,24,372,1
-19,27,367,1
-19,28,400,1
-19,30,372,1
-19,30,388,1
-19,35,390,1
-19,46,393,1
-19,56,402,1
-19,58,429,1
-19,59,430,1
-19,81,512,1
-19,94,446,1
-19,94,470,1
-19,114,475,1
-19,140,511,1
-19,192,580,1
-18,-108,243,1
-18,-106,335,1
-18,-101,296,1
-18,-100,265,1
-18,-86,260,1
-18,-84,272,1
-18,-83,272,1
-18,-82,261,1
-18,-72,275,1
-18,-67,284,1
-18,-44,321,1
-18,-42,301,1
-18,-31,321,1
-18,-29,312,1
-18,-27,327,1
-18,-24,317,1
-18,-23,317,1
-18,-22,321,1
-18,-19,345,1
-18,-18,324,1
-18,-17,330,1
-18,-16,326,1
-18,-15,328,1
-18,-14,325,1
-18,-11,330,1
-18,-11,332,1
-18,-10,339,1
-18,-8,334,1
-18,-5,335,3
-18,-2,343,1
-18,-1,341,1
-18,-1,342,1
-18,0,351,1
-18,2,355,1
-18,2,377,1
-18,3,344,1
-18,3,345,1
-18,4,345,1
-18,4,348,1
-18,4,350,1
-18,5,345,1
-18,5,413,1
-18,8,361,1
-18,12,353,1
-18,14,362,1
-18,15,358,1
-18,16,359,1
-18,21,373,1
-18,23,372,1
-18,23,378,1
-18,24,364,1
-18,25,369,1
-18,26,373,2
-18,27,367,1
-18,27,368,1
-18,28,369,1
-18,30,374,1
-18,33,377,1
-18,36,411,1
-18,39,381,1
-18,39,395,1
-18,56,399,1
-18,61,408,1
-18,63,407,1
-18,69,415,1
-18,70,461,1
-18,77,440,1
-18,79,438,1
-18,94,473,1
-18,99,475,1
-18,126,505,1
-17,-88,269,1
-17,-85,282,1
-17,-55,295,1
-17,-46,329,1
-17,-36,306,1
-17,-31,310,1
-17,-31,322,1
-17,-28,318,1
-17,-28,320,1
-17,-21,330,1
-17,-20,358,1
-17,-17,348,1
-17,-16,325,1
-17,-15,326,1
-17,-12,330,1
-17,-11,330,1
-17,-10,330,1
-17,-10,366,1
-17,-9,335,1
-17,-9,338,1
-17,-4,337,2
-17,-2,339,1
-17,-2,341,1
-17,-1,341,1
-17,-1,362,1
-17,1,343,1
-17,2,347,1
-17,3,344,1
-17,4,345,1
-17,5,346,1
-17,6,346,1
-17,7,348,1
-17,8,354,1
-17,9,352,1
-17,9,353,1
-17,10,354,1
-17,11,351,1
-17,12,354,1
-17,17,363,1
-17,18,370,1
-17,19,363,1
-17,22,371,1
-17,23,375,1
-17,24,366,1
-17,26,366,1
-17,31,378,1
-17,32,377,1
-17,35,381,1
-17,41,409,1
-17,51,396,1
-17,96,442,1
-17,113,474,1
-16,-182,224,1
-16,-75,298,1
-16,-72,326,1
-16,-69,289,1
-16,-66,329,1
-16,-63,286,1
-16,-57,291,1
-16,-57,302,1
-16,-57,307,1
-16,-56,297,1
-16,-56,302,1
-16,-50,299,1
-16,-48,296,1
-16,-39,329,1
-16,-38,308,1
-16,-37,370,1
-16,-33,327,1
-16,-31,312,2
-16,-30,329,1
-16,-24,317,1
-16,-24,321,1
-16,-24,323,1
-16,-20,321,1
-16,-17,326,1
-16,-14,327,1
-16,-13,331,1
-16,-13,340,1
-16,-12,330,1
-16,-11,332,1
-16,-11,349,1
-16,-10,332,2
-16,-9,333,1
-16,-9,361,1
-16,-7,397,1
-16,-6,336,1
-16,-6,339,1
-16,-5,337,1
-16,-2,355,1
-16,-1,347,2
-16,0,343,1
-16,1,343,1
-16,3,344,1
-16,3,345,1
-16,4,346,1
-16,5,347,1
-16,5,354,1
-16,6,359,1
-16,7,349,1
-16,9,366,1
-16,10,352,1
-16,11,376,1
-16,14,361,1
-16,15,357,1
-16,18,362,1
-16,19,362,1
-16,22,366,1
-16,25,369,1
-16,25,375,1
-16,28,371,1
-16,32,378,1
-16,35,398,1
-16,38,386,1
-16,38,390,1
-16,129,526,1
-16,193,605,1
-15,-148,264,1
-15,-112,289,1
-15,-89,381,1
-15,-72,274,1
-15,-58,306,1
-15,-54,347,1
-15,-51,296,1
-15,-51,299,1
-15,-40,316,1
-15,-36,311,1
-15,-34,323,1
-15,-29,314,1
-15,-26,318,1
-15,-26,329,1
-15,-25,319,1
-15,-24,329,1
-15,-24,346,1
-15,-23,323,1
-15,-20,331,1
-15,-19,326,1
-15,-13,329,2
-15,-12,331,1
-15,-11,333,2
-15,-11,338,1
-15,-11,343,1
-15,-10,332,1
-15,-9,335,2
-15,-8,345,1
-15,-5,345,1
-15,-5,362,1
-15,-4,341,1
-15,-2,341,1
-15,-2,342,1
-15,-2,343,1
-15,-1,343,1
-15,-1,344,1
-15,0,348,1
-15,0,350,1
-15,1,343,1
-15,1,344,1
-15,1,358,1
-15,4,346,2
-15,4,349,1
-15,4,350,1
-15,5,349,1
-15,5,355,1
-15,7,350,1
-15,7,351,2
-15,8,364,1
-15,9,357,1
-15,10,371,1
-15,11,362,1
-15,14,360,1
-15,21,363,1
-15,23,365,1
-15,26,374,1
-15,31,374,1
-15,31,413,1
-15,32,375,1
-15,36,384,1
-15,37,381,1
-15,38,381,1
-15,61,408,1
-15,67,423,1
-15,71,525,1
-15,81,451,1
-15,105,478,1
-15,108,470,1
-15,123,516,1
-15,141,531,1
-14,-82,265,1
-14,-74,290,1
-14,-67,284,1
-14,-58,299,1
-14,-50,296,1
-14,-36,321,1
-14,-30,324,1
-14,-26,321,1
-14,-25,323,1
-14,-23,334,1
-14,-20,347,1
-14,-19,329,1
-14,-16,332,1
-14,-14,332,1
-14,-13,330,2
-14,-13,331,1
-14,-12,331,1
-14,-11,338,1
-14,-11,340,1
-14,-10,335,1
-14,-9,335,1
-14,-9,337,1
-14,-9,340,1
-14,-8,336,1
-14,-8,338,1
-14,-7,337,1
-14,-7,338,1
-14,-6,337,1
-14,-6,340,1
-14,-6,342,1
-14,-5,339,1
-14,-5,341,1
-14,-4,365,1
-14,-2,342,1
-14,-1,347,1
-14,0,344,1
-14,0,356,1
-14,1,349,1
-14,1,352,1
-14,2,347,1
-14,5,348,1
-14,5,358,1
-14,6,363,1
-14,6,392,1
-14,7,351,1
-14,8,358,1
-14,8,363,1
-14,10,357,1
-14,11,355,2
-14,12,358,1
-14,12,441,1
-14,13,358,1
-14,13,389,1
-14,14,363,1
-14,16,364,1
-14,20,364,1
-14,21,369,1
-14,22,369,1
-14,25,373,1
-14,26,369,1
-14,27,380,1
-14,28,373,1
-14,29,375,1
-14,29,379,1
-14,34,404,1
-14,41,406,1
-14,43,392,1
-14,58,404,1
-14,59,406,1
-14,59,411,1
-14,59,413,1
-14,65,424,1
-14,98,546,1
-14,105,473,1
-13,-142,228,1
-13,-117,271,1
-13,-107,257,1
-13,-107,258,1
-13,-77,280,1
-13,-63,287,1
-13,-54,295,1
-13,-53,305,1
-13,-53,323,1
-13,-50,295,1
-13,-41,306,1
-13,-36,319,1
-13,-34,336,2
-13,-26,325,1
-13,-26,326,1
-13,-24,323,1
-13,-21,333,1
-13,-20,325,1
-13,-20,326,1
-13,-18,333,1
-13,-17,339,1
-13,-15,338,1
-13,-13,333,1
-13,-12,335,1
-13,-12,355,1
-13,-10,342,1
-13,-7,336,1
-13,-6,341,1
-13,-5,339,1
-13,-4,341,1
-13,-4,349,1
-13,-4,352,1
-13,-4,375,1
-13,-4,381,1
-13,-3,348,1
-13,-1,348,1
-13,-1,354,1
-13,-1,378,1
-13,0,346,1
-13,1,345,1
-13,2,347,1
-13,3,348,2
-13,3,349,1
-13,4,350,1
-13,4,371,1
-13,6,350,1
-13,6,355,1
-13,7,354,1
-13,8,352,1
-13,8,353,1
-13,9,357,1
-13,10,354,1
-13,11,360,1
-13,12,357,2
-13,12,364,1
-13,13,359,1
-13,15,363,1
-13,16,361,2
-13,17,362,1
-13,18,368,1
-13,20,370,1
-13,22,376,1
-13,23,369,2
-13,23,370,1
-13,25,371,1
-13,26,372,1
-13,28,381,1
-13,29,374,1
-13,30,378,1
-13,32,378,1
-13,34,388,1
-13,37,395,1
-13,39,386,1
-13,58,414,1
-13,59,407,1
-13,60,407,1
-13,61,493,1
-13,89,472,1
-13,126,473,1
-12,-116,283,1
-12,-59,317,1
-12,-55,303,1
-12,-50,306,1
-12,-43,329,1
-12,-42,309,1
-12,-38,308,1
-12,-32,321,1
-12,-29,319,1
-12,-28,319,1
-12,-26,320,1
-12,-22,325,1
-12,-21,329,1
-12,-19,344,2
-12,-16,333,2
-12,-14,331,1
-12,-14,335,1
-12,-14,427,1
-12,-13,333,2
-12,-13,334,1
-12,-13,338,1
-12,-12,334,2
-12,-11,335,1
-12,-9,337,1
-12,-8,338,1
-12,-8,359,1
-12,-7,341,1
-12,-5,342,1
-12,-4,341,2
-12,-4,343,1
-12,-4,345,1
-12,-3,344,1
-12,-2,344,2
-12,-2,360,1
-12,-1,347,1
-12,0,345,2
-12,0,346,2
-12,0,347,1
-12,0,348,1
-12,0,349,1
-12,1,347,1
-12,1,348,1
-12,1,370,1
-12,2,347,1
-12,3,348,2
-12,3,365,1
-12,5,350,1
-12,6,352,1
-12,6,359,1
-12,8,353,1
-12,8,357,1
-12,10,359,1
-12,11,357,1
-12,12,360,1
-12,16,373,1
-12,17,363,1
-12,17,366,1
-12,18,366,1
-12,21,378,1
-12,23,370,1
-12,25,371,2
-12,29,382,1
-12,29,390,1
-12,33,415,1
-12,41,388,1
-12,43,396,1
-12,57,407,1
-12,57,418,1
-12,63,429,1
-12,63,434,1
-12,69,421,1
-12,70,510,1
-12,80,459,1
-12,113,476,1
-11,-200,173,1
-11,-159,313,1
-11,-103,515,1
-11,-79,293,1
-11,-68,290,1
-11,-50,300,1
-11,-49,304,1
-11,-47,310,1
-11,-46,321,1
-11,-44,309,1
-11,-43,307,1
-11,-39,315,1
-11,-37,309,1
-11,-37,312,1
-11,-33,314,1
-11,-33,316,2
-11,-32,332,1
-11,-31,319,1
-11,-31,320,1
-11,-25,322,1
-11,-24,327,1
-11,-24,341,1
-11,-24,342,1
-11,-23,323,1
-11,-22,331,1
-11,-21,330,1
-11,-21,331,1
-11,-19,335,1
-11,-17,330,1
-11,-16,332,1
-11,-15,333,1
-11,-15,345,1
-11,-15,361,1
-11,-13,335,2
-11,-13,349,1
-11,-11,336,1
-11,-10,339,1
-11,-10,342,1
-11,-9,339,1
-11,-9,340,1
-11,-9,341,1
-11,-8,339,1
-11,-7,342,1
-11,-6,350,1
-11,-5,342,1
-11,-4,352,1
-11,-3,343,2
-11,-3,348,1
-11,-2,347,1
-11,-1,349,1
-11,-1,356,1
-11,0,346,1
-11,0,347,1
-11,0,348,1
-11,2,349,1
-11,2,350,1
-11,4,350,1
-11,4,355,1
-11,6,369,1
-11,7,354,1
-11,7,358,1
-11,8,357,1
-11,9,356,1
-11,9,361,1
-11,10,356,1
-11,10,358,1
-11,10,377,1
-11,12,359,1
-11,12,364,1
-11,12,371,1
-11,13,360,1
-11,13,367,1
-11,14,361,1
-11,15,362,1
-11,17,368,1
-11,18,372,1
-11,20,370,1
-11,20,381,1
-11,22,368,1
-11,23,370,1
-11,31,382,1
-11,32,395,1
-11,34,389,1
-11,37,386,1
-11,37,398,1
-11,41,388,1
-11,51,445,1
-11,55,427,1
-11,60,407,1
-11,84,442,1
-11,101,462,1
-11,110,526,1
-11,142,502,1
-10,-231,296,1
-10,-137,309,1
-10,-88,303,1
-10,-63,288,1
-10,-47,314,1
-10,-45,304,1
-10,-40,308,1
-10,-40,309,1
-10,-40,312,1
-10,-39,310,1
-10,-36,318,1
-10,-36,320,1
-10,-29,324,1
-10,-29,327,1
-10,-28,328,1
-10,-25,324,1
-10,-24,333,1
-10,-24,372,1
-10,-23,326,1
-10,-23,328,1
-10,-20,328,1
-10,-18,331,1
-10,-18,332,1
-10,-17,332,1
-10,-16,333,1
-10,-16,334,1
-10,-16,339,1
-10,-15,332,1
-10,-15,333,1
-10,-14,333,1
-10,-14,341,1
-10,-12,336,1
-10,-12,346,1
-10,-11,337,1
-10,-11,343,1
-10,-10,338,1
-10,-10,342,1
-10,-9,341,1
-10,-9,344,1
-10,-8,339,2
-10,-6,341,1
-10,-6,342,3
-10,-6,344,1
-10,-5,343,1
-10,-5,355,1
-10,-4,343,1
-10,-4,345,1
-10,-4,367,1
-10,-3,344,1
-10,-3,345,2
-10,0,347,3
-10,0,353,1
-10,1,349,2
-10,2,350,1
-10,3,350,1
-10,3,352,2
-10,4,351,2
-10,4,353,1
-10,4,358,1
-10,5,357,1
-10,5,359,1
-10,5,380,1
-10,6,353,1
-10,7,356,1
-10,8,356,1
-10,8,357,2
-10,9,357,2
-10,9,362,1
-10,11,359,1
-10,13,363,1
-10,13,368,1
-10,13,383,1
-10,15,365,1
-10,15,391,1
-10,16,410,1
-10,17,364,1
-10,18,365,1
-10,21,371,1
-10,22,402,1
-10,24,381,1
-10,29,379,1
-10,31,382,1
-10,35,385,1
-10,43,401,1
-10,44,405,1
-10,45,393,1
-10,52,404,1
-10,103,473,1
-10,128,478,1
-10,142,501,1
-9,-99,267,1
-9,-80,276,1
-9,-79,276,1
-9,-68,292,1
-9,-64,303,1
-9,-58,295,1
-9,-54,316,1
-9,-52,299,1
-9,-50,317,2
-9,-43,376,1
-9,-40,318,1
-9,-39,319,1
-9,-34,318,1
-9,-34,320,1
-9,-34,325,1
-9,-33,319,1
-9,-32,319,1
-9,-31,318,1
-9,-30,347,1
-9,-30,355,1
-9,-27,322,2
-9,-27,324,1
-9,-23,326,1
-9,-19,334,1
-9,-17,332,1
-9,-14,333,1
-9,-13,338,1
-9,-13,340,1
-9,-12,346,1
-9,-11,338,1
-9,-10,338,1
-9,-9,341,1
-9,-9,342,1
-9,-8,340,1
-9,-8,341,2
-9,-8,345,1
-9,-8,383,1
-9,-7,347,2
-9,-6,342,1
-9,-6,343,1
-9,-4,343,1
-9,-4,344,2
-9,-4,356,1
-9,-3,346,2
-9,-2,346,2
-9,-2,348,2
-9,-1,348,1
-9,-1,350,1
-9,0,348,5
-9,0,349,1
-9,0,375,1
-9,1,355,1
-9,2,350,2
-9,3,352,1
-9,3,355,1
-9,4,353,1
-9,4,355,1
-9,4,356,1
-9,5,353,3
-9,6,361,1
-9,7,356,1
-9,7,360,1
-9,8,359,1
-9,9,360,1
-9,10,359,1
-9,12,362,1
-9,12,365,1
-9,15,362,1
-9,17,365,1
-9,18,366,1
-9,18,367,1
-9,21,374,1
-9,22,379,1
-9,25,410,1
-9,36,388,1
-9,37,386,1
-9,40,391,1
-9,45,394,1
-9,48,421,1
-9,73,456,1
-9,78,471,1
-9,93,449,1
-8,-118,281,1
-8,-72,309,1
-8,-68,304,1
-8,-56,297,1
-8,-55,308,1
-8,-55,322,1
-8,-42,310,1
-8,-38,315,1
-8,-36,329,1
-8,-34,317,1
-8,-34,325,1
-8,-31,323,1
-8,-31,329,1
-8,-26,343,1
-8,-25,326,1
-8,-23,336,1
-8,-21,328,1
-8,-21,329,1
-8,-19,334,1
-8,-19,346,1
-8,-18,336,1
-8,-17,334,2
-8,-15,335,3
-8,-14,335,1
-8,-14,336,2
-8,-11,338,1
-8,-10,340,1
-8,-10,342,1
-8,-9,350,1
-8,-8,341,1
-8,-8,346,1
-8,-7,342,2
-8,-7,345,1
-8,-6,346,1
-8,-5,343,1
-8,-5,344,1
-8,-5,350,1
-8,-5,360,1
-8,-4,346,3
-8,-4,348,1
-8,-4,351,1
-8,-3,346,2
-8,-3,347,2
-8,-3,351,1
-8,-2,348,1
-8,0,349,2
-8,0,350,3
-8,0,357,1
-8,1,352,1
-8,1,354,1
-8,1,357,1
-8,1,387,1
-8,2,351,3
-8,2,352,1
-8,3,352,1
-8,3,353,1
-8,3,354,1
-8,4,354,2
-8,5,354,1
-8,5,357,1
-8,6,359,1
-8,6,362,1
-8,7,355,1
-8,7,356,1
-8,8,358,1
-8,9,364,1
-8,12,361,1
-8,12,362,1
-8,13,373,1
-8,13,400,1
-8,14,363,1
-8,14,364,1
-8,14,371,1
-8,15,366,1
-8,15,376,1
-8,16,365,1
-8,16,366,2
-8,18,367,1
-8,21,370,2
-8,21,371,2
-8,27,376,1
-8,27,395,1
-8,29,400,1
-8,32,396,1
-8,51,408,1
-8,53,427,1
-8,65,426,1
-8,69,468,1
-8,71,456,1
-8,94,461,1
-8,122,486,1
-7,-143,232,1
-7,-88,315,1
-7,-84,304,1
-7,-83,278,1
-7,-69,287,1
-7,-58,297,1
-7,-58,325,1
-7,-35,325,1
-7,-31,320,1
-7,-27,330,1
-7,-25,326,1
-7,-24,327,1
-7,-23,337,1
-7,-21,333,1
-7,-20,332,1
-7,-20,336,1
-7,-19,355,1
-7,-17,337,1
-7,-16,340,1
-7,-16,342,1
-7,-16,344,1
-7,-15,335,1
-7,-15,336,1
-7,-15,340,1
-7,-14,338,1
-7,-14,339,1
-7,-14,344,1
-7,-13,339,1
-7,-11,339,1
-7,-11,344,1
-7,-11,352,1
-7,-10,344,1
-7,-9,342,1
-7,-9,343,1
-7,-9,357,1
-7,-8,343,3
-7,-7,343,2
-7,-7,344,2
-7,-6,345,1
-7,-6,346,1
-7,-6,352,1
-7,-5,347,1
-7,-5,364,1
-7,-4,346,5
-7,-4,348,2
-7,-4,349,1
-7,-3,347,1
-7,-3,348,1
-7,-2,349,1
-7,-2,351,1
-7,-2,352,1
-7,-2,353,1
-7,-1,349,1
-7,-1,350,2
-7,-1,359,1
-7,0,350,1
-7,0,351,1
-7,0,352,2
-7,1,351,1
-7,1,355,1
-7,2,352,1
-7,2,360,1
-7,3,353,1
-7,3,354,1
-7,5,356,2
-7,5,362,1
-7,7,357,1
-7,7,360,1
-7,8,358,2
-7,8,359,2
-7,8,360,1
-7,9,361,2
-7,9,362,1
-7,9,369,1
-7,10,361,1
-7,11,364,1
-7,12,371,1
-7,12,375,1
-7,13,386,1
-7,14,364,1
-7,14,368,1
-7,15,366,1
-7,15,368,2
-7,15,377,1
-7,16,366,2
-7,16,374,1
-7,17,368,2
-7,17,369,1
-7,18,368,1
-7,19,371,1
-7,22,377,1
-7,23,373,1
-7,23,374,2
-7,23,377,1
-7,24,383,1
-7,25,377,1
-7,25,382,1
-7,25,384,1
-7,27,380,1
-7,28,380,1
-7,28,381,1
-7,41,441,1
-7,43,394,1
-7,46,421,1
-7,53,406,1
-7,178,560,1
-6,-132,243,1
-6,-93,288,1
-6,-55,361,1
-6,-52,303,1
-6,-46,309,1
-6,-41,312,1
-6,-40,316,1
-6,-39,319,1
-6,-38,349,1
-6,-37,325,1
-6,-29,329,1
-6,-27,325,1
-6,-27,353,1
-6,-27,395,1
-6,-26,331,1
-6,-25,328,1
-6,-25,352,1
-6,-21,332,1
-6,-20,333,1
-6,-19,335,1
-6,-19,338,1
-6,-18,334,1
-6,-17,357,1
-6,-17,421,1
-6,-16,338,1
-6,-15,337,1
-6,-11,340,1
-6,-10,341,2
-6,-10,344,1
-6,-9,342,1
-6,-9,344,1
-6,-9,345,1
-6,-9,351,1
-6,-7,344,1
-6,-7,352,1
-6,-6,345,1
-6,-6,351,1
-6,-5,347,1
-6,-5,348,1
-6,-5,351,1
-6,-4,348,2
-6,-2,348,1
-6,-2,349,3
-6,-2,350,2
-6,-2,356,1
-6,-1,350,2
-6,-1,351,1
-6,-1,355,1
-6,-1,357,1
-6,0,351,5
-6,0,352,1
-6,0,353,1
-6,0,360,1
-6,1,352,4
-6,1,353,1
-6,2,353,1
-6,2,354,2
-6,2,355,1
-6,3,354,1
-6,3,355,1
-6,4,356,1
-6,5,356,3
-6,5,360,1
-6,5,361,1
-6,6,359,1
-6,7,359,1
-6,8,360,1
-6,8,384,1
-6,9,360,1
-6,9,361,1
-6,10,363,1
-6,12,364,1
-6,14,383,1
-6,16,367,1
-6,22,374,1
-6,23,375,1
-6,23,385,1
-6,24,377,1
-6,31,385,1
-6,35,399,1
-6,36,389,1
-6,39,394,1
-6,42,397,1
-6,43,398,1
-6,44,401,1
-6,47,404,1
-6,63,455,1
-6,69,471,1
-5,-256,255,2
-5,-161,211,1
-5,-114,252,1
-5,-87,318,1
-5,-79,369,1
-5,-76,277,1
-5,-72,290,1
-5,-56,300,2
-5,-43,311,1
-5,-42,319,1
-5,-38,352,1
-5,-27,354,1
-5,-26,327,1
-5,-24,348,1
-5,-21,333,2
-5,-21,335,1
-5,-20,341,1
-5,-19,334,1
-5,-18,338,1
-5,-15,338,3
-5,-15,339,1
-5,-15,350,1
-5,-14,342,1
-5,-14,343,1
-5,-13,340,1
-5,-13,348,1
-5,-12,342,1
-5,-11,349,1
-5,-10,342,1
-5,-10,343,1
-5,-9,343,1
-5,-9,345,2
-5,-8,345,1
-5,-7,346,1
-5,-7,350,1
-5,-6,349,1
-5,-4,349,1
-5,-4,351,1
-5,-4,368,1
-5,-3,349,2
-5,-3,351,1
-5,-3,355,1
-5,-2,350,4
-5,-2,351,2
-5,-2,354,1
-5,-2,362,1
-5,-1,350,2
-5,-1,351,1
-5,-1,352,2
-5,-1,356,2
-5,0,351,1
-5,0,352,3
-5,0,354,3
-5,0,358,1
-5,1,354,1
-5,1,374,1
-5,2,354,2
-5,2,356,2
-5,2,357,1
-5,2,358,1
-5,3,355,3
-5,3,356,2
-5,3,359,1
-5,3,366,1
-5,3,369,1
-5,4,356,1
-5,4,357,2
-5,4,360,1
-5,6,358,1
-5,6,359,1
-5,6,364,1
-5,6,368,1
-5,6,374,1
-5,7,359,1
-5,7,361,3
-5,7,362,1
-5,9,365,1
-5,9,381,1
-5,10,364,1
-5,11,363,1
-5,11,366,1
-5,13,371,1
-5,14,367,1
-5,15,369,1
-5,15,371,1
-5,17,370,1
-5,17,373,1
-5,19,372,1
-5,22,375,1
-5,24,378,1
-5,26,381,1
-5,27,389,1
-5,28,394,1
-5,29,382,1
-5,32,396,1
-5,35,393,1
-5,38,411,1
-5,41,397,1
-5,44,415,1
-5,46,404,1
-5,49,404,1
-5,57,445,1
-5,66,430,1
-5,90,468,1
-4,-182,187,1
-4,-44,316,1
-4,-42,315,1
-4,-40,325,1
-4,-32,323,1
-4,-31,338,1
-4,-29,348,1
-4,-27,345,1
-4,-25,329,1
-4,-23,347,1
-4,-22,332,2
-4,-22,336,1
-4,-22,346,1
-4,-21,332,1
-4,-21,336,1
-4,-18,344,1
-4,-17,339,1
-4,-17,362,1
-4,-16,344,1
-4,-14,339,1
-4,-14,340,1
-4,-13,341,1
-4,-13,342,2
-4,-12,345,1
-4,-12,346,1
-4,-12,382,1
-4,-11,343,1
-4,-11,356,1
-4,-10,344,1
-4,-10,345,1
-4,-10,356,1
-4,-9,344,1
-4,-9,345,1
-4,-9,377,1
-4,-8,345,2
-4,-7,346,1
-4,-6,349,1
-4,-6,356,1
-4,-5,348,6
-4,-5,353,1
-4,-4,349,5
-4,-4,363,1
-4,-3,349,1
-4,-3,350,5
-4,-3,351,1
-4,-3,362,1
-4,-2,351,4
-4,-2,352,2
-4,-2,354,1
-4,-1,351,1
-4,-1,352,6
-4,-1,353,1
-4,0,353,3
-4,0,354,1
-4,0,355,2
-4,0,359,1
-4,1,354,1
-4,1,355,1
-4,1,356,1
-4,1,360,1
-4,2,355,1
-4,2,356,1
-4,2,357,1
-4,2,359,1
-4,3,356,2
-4,3,357,1
-4,3,360,1
-4,4,357,2
-4,4,358,2
-4,5,359,1
-4,5,360,1
-4,6,359,2
-4,6,361,1
-4,6,362,1
-4,6,366,1
-4,7,366,1
-4,8,362,1
-4,8,363,2
-4,8,365,1
-4,9,365,2
-4,10,363,1
-4,10,381,1
-4,11,365,2
-4,11,379,1
-4,13,366,1
-4,13,384,1
-4,14,368,1
-4,14,370,1
-4,14,382,1
-4,14,389,1
-4,16,373,1
-4,16,381,1
-4,17,373,1
-4,17,401,1
-4,18,373,1
-4,18,374,1
-4,19,380,1
-4,20,395,1
-4,22,375,1
-4,24,380,1
-4,25,383,1
-4,27,382,1
-4,27,401,1
-4,29,391,1
-4,29,401,1
-4,30,383,1
-4,30,413,1
-4,38,393,1
-4,42,401,1
-4,58,424,1
-4,100,466,1
-4,110,482,1
-4,142,592,1
-3,-160,214,1
-3,-102,269,1
-3,-96,282,1
-3,-56,317,1
-3,-55,314,1
-3,-50,319,2
-3,-45,320,1
-3,-45,322,1
-3,-44,364,1
-3,-39,318,1
-3,-32,326,1
-3,-32,341,1
-3,-30,327,1
-3,-23,362,1
-3,-14,348,1
-3,-14,349,1
-3,-13,343,1
-3,-11,343,1
-3,-11,344,2
-3,-10,349,1
-3,-10,374,1
-3,-9,345,1
-3,-8,346,2
-3,-8,347,2
-3,-7,348,1
-3,-7,353,1
-3,-6,348,2
-3,-6,349,2
-3,-5,349,2
-3,-5,350,1
-3,-4,350,5
-3,-4,351,4
-3,-4,352,1
-3,-3,350,1
-3,-3,351,9
-3,-3,352,3
-3,-2,351,1
-3,-2,352,6
-3,-2,353,1
-3,-1,356,1
-3,-1,357,1
-3,-1,369,1
-3,0,353,1
-3,0,354,2
-3,0,355,2
-3,0,359,1
-3,1,354,1
-3,1,355,2
-3,2,356,4
-3,2,357,2
-3,2,363,1
-3,3,357,1
-3,3,358,3
-3,3,362,1
-3,4,357,1
-3,4,358,1
-3,4,359,1
-3,4,361,1
-3,5,359,3
-3,6,360,1
-3,6,361,1
-3,6,363,1
-3,6,364,1
-3,7,361,1
-3,7,375,1
-3,8,362,1
-3,8,384,1
-3,9,371,1
-3,10,365,1
-3,11,369,1
-3,12,367,1
-3,12,371,1
-3,13,369,1
-3,14,370,1
-3,14,372,1
-3,14,382,1
-3,15,377,1
-3,16,370,1
-3,16,431,1
-3,17,372,1
-3,17,373,1
-3,19,381,1
-3,25,380,1
-3,28,413,1
-3,29,412,1
-3,30,394,1
-3,30,395,1
-3,39,397,1
-3,51,410,2
-3,59,427,1
-3,68,432,1
-3,71,496,1
-3,75,466,1
-3,80,534,1
-3,82,482,1
-3,98,504,1
-3,98,514,1
-3,104,483,1
-2,-128,275,1
-2,-114,342,1
-2,-68,294,1
-2,-58,330,1
-2,-40,341,1
-2,-38,334,1
-2,-37,348,1
-2,-34,323,1
-2,-31,325,1
-2,-30,327,1
-2,-27,329,2
-2,-27,341,1
-2,-25,331,1
-2,-22,333,1
-2,-22,339,1
-2,-21,335,1
-2,-21,338,1
-2,-21,349,1
-2,-21,362,1
-2,-18,337,1
-2,-18,339,1
-2,-17,338,1
-2,-17,342,1
-2,-17,344,2
-2,-17,352,1
-2,-16,341,1
-2,-15,367,1
-2,-13,357,1
-2,-11,344,2
-2,-11,346,1
-2,-11,348,1
-2,-11,349,1
-2,-11,359,1
-2,-10,346,3
-2,-10,348,1
-2,-10,361,1
-2,-9,346,1
-2,-9,350,1
-2,-8,349,1
-2,-8,356,1
-2,-7,348,1
-2,-7,350,2
-2,-7,351,1
-2,-7,353,1
-2,-6,350,1
-2,-5,350,3
-2,-5,352,1
-2,-5,353,2
-2,-5,356,1
-2,-4,351,1
-2,-4,352,2
-2,-3,351,1
-2,-3,352,3
-2,-3,355,1
-2,-3,358,1
-2,-2,354,3
-2,-2,355,1
-2,-1,354,10
-2,-1,355,2
-2,0,355,4
-2,0,356,3
-2,0,357,1
-2,1,356,5
-2,1,357,2
-2,1,362,1
-2,2,357,3
-2,2,358,1
-2,3,358,3
-2,3,359,2
-2,4,359,3
-2,4,360,2
-2,4,364,1
-2,4,377,1
-2,6,360,1
-2,6,361,2
-2,6,363,1
-2,7,362,1
-2,8,365,1
-2,8,366,1
-2,9,365,1
-2,10,366,1
-2,10,371,1
-2,11,365,1
-2,11,388,1
-2,11,390,1
-2,12,370,1
-2,14,371,1
-2,15,372,1
-2,16,375,1
-2,17,372,1
-2,17,373,1
-2,17,374,1
-2,18,374,1
-2,20,376,2
-2,21,377,1
-2,21,380,1
-2,22,377,1
-2,23,384,1
-2,24,386,1
-2,25,381,1
-2,27,396,1
-2,29,387,1
-2,31,388,1
-2,31,389,1
-2,31,391,1
-2,33,391,1
-2,35,394,1
-2,36,396,1
-2,39,395,1
-2,44,410,1
-2,47,412,1
-2,50,419,1
-2,72,444,1
-2,73,439,1
-2,75,440,1
-2,154,557,1
-1,-241,203,1
-1,-138,234,1
-1,-137,232,1
-1,-76,302,1
-1,-56,327,2
-1,-37,340,1
-1,-36,323,1
-1,-35,382,1
-1,-30,339,1
-1,-26,331,1
-1,-24,338,1
-1,-20,340,1
-1,-18,360,1
-1,-17,344,1
-1,-16,340,1
-1,-16,344,1
-1,-15,341,1
-1,-14,347,1
-1,-14,350,1
-1,-12,345,2
-1,-12,349,1
-1,-11,344,1
-1,-11,347,1
-1,-11,350,2
-1,-10,346,2
-1,-10,352,1
-1,-9,348,2
-1,-8,348,2
-1,-8,349,1
-1,-7,349,1
-1,-7,350,1
-1,-7,351,1
-1,-6,350,3
-1,-6,351,1
-1,-6,352,1
-1,-5,351,4
-1,-5,352,2
-1,-5,353,4
-1,-4,352,5
-1,-4,353,2
-1,-3,353,4
-1,-3,354,2
-1,-2,353,1
-1,-2,354,3
-1,-2,355,2
-1,-2,356,2
-1,-2,357,1
-1,-1,354,1
-1,-1,355,8
-1,-1,356,3
-1,-1,357,2
-1,0,356,6
-1,0,357,1
-1,0,366,1
-1,1,357,5
-1,1,358,3
-1,1,361,2
-1,2,358,3
-1,3,360,2
-1,3,362,1
-1,3,364,1
-1,4,361,1
-1,4,370,1
-1,5,361,1
-1,5,364,1
-1,6,362,2
-1,6,363,1
-1,8,365,1
-1,8,366,1
-1,9,365,1
-1,9,377,1
-1,9,391,1
-1,13,369,1
-1,13,370,1
-1,13,372,1
-1,14,373,1
-1,15,375,1
-1,15,385,1
-1,17,377,1
-1,19,377,1
-1,19,380,1
-1,20,384,1
-1,20,388,1
-1,22,395,1
-1,23,380,1
-1,26,384,1
-1,26,407,1
-1,29,388,1
-1,29,389,1
-1,29,408,1
-1,33,393,1
-1,36,395,1
-1,36,396,1
-1,41,402,1
-1,41,421,1
-1,42,426,1
-1,44,405,1
-1,47,420,1
-1,49,430,1
-1,50,412,1
-1,53,430,1
-1,58,420,1
-1,75,442,1
-1,81,453,1
0,-232,171,2
0,-178,242,1
0,-177,249,1
0,-133,251,1
0,-125,253,1
0,-110,275,1
0,-100,268,1
0,-77,291,1
0,-56,316,1
0,-56,319,1
0,-55,305,1
0,-48,351,1
0,-44,337,1
0,-41,321,1
0,-41,329,1
0,-38,334,1
0,-33,325,1
0,-30,328,1
0,-27,340,1
0,-27,342,1
0,-26,368,1
0,-24,359,1
0,-21,341,1
0,-21,353,1
0,-20,344,1
0,-18,340,1
0,-18,341,1
0,-17,341,1
0,-16,341,1
0,-15,344,1
0,-14,343,1
0,-13,344,1
0,-12,346,2
0,-12,351,1
0,-12,353,1
0,-12,357,1
0,-11,346,2
0,-11,347,1
0,-11,351,1
0,-11,364,1
0,-10,347,1
0,-9,348,1
0,-9,349,1
0,-9,352,1
0,-9,411,1
0,-8,348,1
0,-8,349,1
0,-8,351,1
0,-8,360,1
0,-7,351,2
0,-6,351,1
0,-6,353,1
0,-6,356,1
0,-5,352,2
0,-5,353,1
0,-4,353,3
0,-4,354,4
0,-4,355,2
0,-4,359,1
0,-4,365,1
0,-3,354,2
0,-3,355,3
0,-3,359,1
0,-2,354,2
0,-2,355,3
0,-2,357,2
0,-2,363,1
0,-1,355,4
0,-1,356,5
0,-1,357,1
0,-1,359,1
0,-1,360,1
0,-1,368,1
0,0,356,1
0,0,357,2
0,0,369,1
0,1,358,8
0,1,359,1
0,1,382,1
0,2,359,3
0,2,360,2
0,2,362,2
0,3,360,4
0,3,361,1
0,3,365,1
0,4,361,2
0,5,366,1
0,6,363,4
0,6,366,1
0,6,367,1
0,7,365,4
0,7,368,1
0,8,365,1
0,8,366,1
0,9,366,2
0,9,369,1
0,10,367,2
0,10,368,2
0,10,371,1
0,10,372,1
0,11,382,1
0,12,370,1
0,12,375,1
0,15,372,1
0,16,374,1
0,16,380,1
0,17,379,1
0,17,380,1
0,18,379,1
0,18,407,1
0,22,381,1
0,22,382,1
0,22,385,1
0,22,435,1
0,23,395,1
0,25,384,1
0,29,390,1
0,32,393,1
0,40,403,1
0,42,440,1
0,42,446,1
0,44,404,1
0,45,436,1
0,58,424,1
0,59,429,1
0,60,431,1
0,65,501,1
0,79,455,1
0,105,489,1
1,-103,305,1
1,-71,306,1
1,-70,291,1
1,-58,307,1
1,-58,317,1
1,-34,397,1
1,-31,328,1
1,-31,357,1
1,-30,329,1
1,-29,374,1
1,-28,337,1
1,-23,346,1
1,-21,373,1
1,-20,343,1
1,-20,354,1
1,-19,344,1
1,-18,340,1
1,-18,343,1
1,-16,343,1
1,-16,362,1
1,-14,345,2
1,-14,351,1
1,-11,351,2
1,-10,350,1
1,-9,349,2
1,-8,350,1
1,-8,351,1
1,-8,354,1
1,-7,351,2
1,-7,352,1
1,-7,358,1
1,-6,352,2
1,-6,353,1
1,-6,357,1
1,-5,353,1
1,-5,354,2
1,-5,355,2
1,-4,353,1
1,-4,354,5
1,-4,355,3
1,-4,358,1
1,-3,355,1
1,-3,357,2
1,-2,356,5
1,-2,357,3
1,-2,362,2
1,-1,357,8
1,-1,358,2
1,-1,362,1
1,-1,363,1
1,0,358,7
1,0,359,1
1,0,360,1
1,1,358,1
1,1,359,8
1,1,362,1
1,1,366,1
1,2,359,1
1,2,360,2
1,2,361,1
1,2,365,1
1,3,361,5
1,3,362,1
1,3,366,1
1,4,362,1
1,4,363,1
1,4,366,1
1,5,363,3
1,5,364,2
1,5,366,1
1,6,364,2
1,6,365,1
1,7,365,2
1,7,366,2
1,8,366,1
1,8,367,1
1,9,367,1
1,10,369,1
1,10,370,1
1,10,393,1
1,11,371,1
1,11,378,1
1,12,371,1
1,12,372,1
1,12,374,1
1,13,370,2
1,13,371,1
1,14,372,1
1,16,378,1
1,17,377,1
1,17,395,1
1,18,377,1
1,18,382,1
1,21,381,1
1,21,397,1
1,22,380,1
1,25,385,1
1,26,397,1
1,27,386,1
1,32,393,1
1,33,404,1
1,34,394,1
1,35,396,1
1,42,404,1
1,43,402,1
1,44,409,1
1,46,417,1
1,113,505,1
1,204,614,1
2,-189,238,1
2,-75,290,1
2,-56,319,1
2,-38,325,1
2,-30,329,1
2,-28,331,1
2,-26,334,1
2,-26,335,1
2,-26,339,1
2,-21,353,1
2,-21,378,1
2,-20,341,1
2,-20,342,1
2,-19,346,1
2,-18,342,1
2,-17,343,1
2,-17,349,1
2,-16,344,2
2,-13,348,1
2,-12,349,1
2,-11,349,2
2,-11,354,1
2,-11,358,1
2,-10,350,1
2,-10,351,2
2,-10,359,1
2,-8,352,2
2,-7,353,4
2,-6,353,3
2,-6,354,2
2,-5,354,1
2,-5,358,1
2,-4,356,1
2,-4,357,1
2,-4,359,1
2,-4,374,1
2,-3,357,1
2,-2,357,3
2,-2,358,2
2,-2,360,1
2,-1,359,3
2,0,358,1
2,0,359,7
2,0,362,1
2,1,360,2
2,1,361,1
2,2,360,1
2,2,361,4
2,2,364,1
2,2,366,1
2,3,362,1
2,3,363,2
2,4,363,3
2,4,364,1
2,4,366,1
2,4,370,1
2,5,364,2
2,5,365,1
2,5,367,1
2,5,370,2
2,5,371,1
2,6,364,2
2,6,366,1
2,7,366,1
2,7,369,1
2,8,367,1
2,9,368,1
2,10,370,3
2,10,372,1
2,10,373,1
2,11,369,1
2,11,372,1
2,14,395,1
2,15,374,1
2,15,375,1
2,15,377,1
2,17,377,1
2,17,397,1
2,18,381,1
2,18,392,1
2,19,380,2
2,21,393,1
2,22,384,1
2,26,402,1
2,30,391,1
2,34,438,1
2,37,398,1
2,39,401,1
2,43,415,1
2,46,420,1
2,55,418,1
2,59,433,1
2,74,443,1
2,81,462,1
2,147,552,1
3,-168,206,1
3,-167,245,1
3,-87,298,1
3,-46,333,1
3,-43,321,1
3,-39,325,1
3,-39,327,2
3,-35,329,1
3,-34,330,1
3,-30,347,1
3,-28,343,1
3,-28,348,1
3,-26,337,1
3,-24,342,1
3,-22,343,1
3,-22,350,1
3,-18,350,1
3,-16,375,1
3,-16,382,1
3,-15,346,1
3,-14,347,3
3,-13,348,2
3,-12,349,1
3,-12,351,1
3,-12,352,1
3,-11,350,2
3,-10,349,1
3,-10,351,1
3,-9,352,1
3,-9,357,1
3,-8,355,1
3,-7,353,1
3,-7,354,3
3,-7,362,1
3,-6,356,1
3,-5,355,1
3,-5,357,1
3,-4,355,1
3,-4,356,2
3,-4,359,1
3,-4,366,1
3,-4,374,1
3,-3,357,1
3,-3,358,2
3,-2,358,4
3,-2,359,3
3,-1,359,3
3,0,360,4
3,0,361,1
3,0,362,2
3,0,363,1
3,1,361,3
3,1,362,1
3,1,363,2
3,2,362,3
3,2,368,1
3,3,362,1
3,3,363,1
3,3,377,1
3,4,364,3
3,4,366,1
3,4,368,1
3,5,365,3
3,5,366,1
3,6,366,1
3,6,368,1
3,7,367,2
3,7,370,1
3,7,372,1
3,8,368,1
3,8,373,1
3,8,374,1
3,9,369,2
3,9,400,1
3,10,371,2
3,10,373,1
3,10,375,1
3,10,376,1
3,13,373,2
3,13,388,1
3,15,374,1
3,15,376,1
3,15,377,1
3,16,384,1
3,18,378,1
3,19,379,1
3,22,390,1
3,26,388,1
3,29,423,1
3,31,392,1
3,32,396,1
3,33,394,1
3,33,395,1
3,38,402,1
3,40,406,1
3,44,405,1
3,44,406,1
3,49,431,1
3,52,417,1
3,55,419,1
3,55,443,1
3,62,470,1
3,63,431,1
3,96,465,1
3,100,480,1
4,-183,205,1
4,-87,286,1
4,-75,301,1
4,-54,356,1
4,-49,314,1
4,-41,323,1
4,-41,332,1
4,-35,339,1
4,-34,345,1
4,-32,331,1
4,-31,351,1
4,-28,333,1
4,-27,338,1
4,-23,352,1
4,-21,341,1
4,-17,346,1
4,-17,350,1
4,-17,361,1
4,-16,347,1
4,-16,348,1
4,-14,356,1
4,-14,428,1
4,-13,352,1
4,-12,350,1
4,-12,376,1
4,-11,352,1
4,-11,365,1
4,-10,351,1
4,-10,352,1
4,-10,353,1
4,-9,353,1
4,-8,354,1
4,-7,354,3
4,-7,373,1
4,-6,356,1
4,-5,357,2
4,-5,380,1
4,-4,357,2
4,-4,359,1
4,-3,357,1
4,-3,358,1
4,-3,359,2
4,-3,360,1
4,-2,359,2
4,-2,361,1
4,-2,362,1
4,-2,363,1
4,-1,360,2
4,-1,363,1
4,0,361,1
4,0,362,1
4,0,363,2
4,1,362,2
4,1,363,1
4,2,363,1
4,2,379,1
4,3,364,1
4,3,365,1
4,3,366,2
4,4,365,1
4,4,366,1
4,4,367,1
4,4,392,1
4,5,365,1
4,5,366,1
4,5,370,1
4,6,367,2
4,6,368,3
4,6,370,1
4,7,369,2
4,7,370,1
4,8,369,2
4,8,370,1
4,9,371,1
4,11,372,2
4,11,373,1
4,11,375,1
4,13,373,1
4,13,377,1
4,13,381,1
4,13,389,1
4,14,376,2
4,14,384,1
4,15,376,1
4,15,378,1
4,16,377,1
4,16,379,1
4,19,381,1
4,21,382,1
4,23,385,1
4,26,389,1
4,27,405,1
4,27,440,1
4,31,393,1
4,31,396,1
4,33,396,1
4,34,401,1
4,38,419,1
4,41,403,1
4,42,410,1
4,47,443,1
4,50,418,1
4,53,422,1
4,56,421,1
4,56,423,1
4,57,461,1
4,60,438,1
4,61,434,1
4,129,517,1
5,-140,311,1
5,-102,265,2
5,-71,321,1
5,-43,336,1
5,-42,323,1
5,-41,324,1
5,-41,327,1
5,-38,329,1
5,-29,335,1
5,-29,339,1
5,-27,339,1
5,-20,345,1
5,-19,344,2
5,-19,346,1
5,-17,345,1
5,-16,346,1
5,-16,377,1
5,-16,379,1
5,-16,392,1
5,-15,350,1
5,-15,352,1
5,-14,372,1
5,-12,350,1
5,-12,355,1
5,-11,353,1
5,-11,359,1
5,-11,362,1
5,-10,356,1
5,-10,359,1
5,-8,354,1
5,-8,355,1
5,-6,359,1
5,-5,357,2
5,-5,358,1
5,-5,364,1
5,-4,358,1
5,-4,359,1
5,-4,360,1
5,-4,362,1
5,-4,364,1
5,-3,359,2
5,-3,360,1
5,-3,366,1
5,-2,363,1
5,-1,362,1
5,-1,365,1
5,0,362,3
5,0,364,2
5,0,365,1
5,1,363,1
5,2,364,2
5,2,376,1
5,3,365,1
5,4,366,1
5,4,367,1
5,4,368,1
5,4,396,1
5,5,367,1
5,5,368,3
5,5,369,1
5,5,370,1
5,6,368,2
5,7,369,1
5,7,371,1
5,8,370,1
5,8,371,1
5,9,373,1
5,10,373,2
5,11,374,1
5,11,375,1
5,11,379,1
5,12,374,3
5,13,374,1
5,13,375,2
5,13,376,1
5,16,388,1
5,18,382,1
5,18,386,1
5,20,384,1
5,21,390,1
5,21,393,1
5,22,386,1
5,23,385,1
5,23,388,1
5,28,391,1
5,29,394,1
5,30,396,1
5,32,397,1
5,36,405,1
5,38,403,1
5,40,409,1
5,40,422,1
5,42,405,1
5,45,417,1
5,46,414,1
5,46,418,1
5,47,425,1
5,49,426,1
5,62,431,1
5,105,526,1
5,177,570,1
5,253,661,1
6,-145,256,1
6,-115,285,1
6,-73,298,1
6,-72,309,1
6,-61,312,1
6,-57,471,1
6,-55,318,1
6,-54,360,1
6,-47,323,1
6,-43,329,1
6,-43,342,1
6,-37,333,1
6,-35,348,1
6,-34,333,2
6,-33,334,1
6,-30,333,1
6,-29,334,1
6,-28,345,1
6,-26,341,1
6,-25,399,1
6,-24,348,1
6,-23,341,1
6,-18,347,1
6,-17,357,1
6,-11,351,1
6,-9,354,1
6,-9,355,1
6,-9,373,1
6,-8,355,1
6,-8,356,2
6,-7,356,2
6,-6,357,1
6,-5,357,1
6,-5,358,1
6,-5,360,1
6,-5,364,1
6,-4,360,1
6,-3,361,1
6,-3,366,1
6,-2,361,1
6,-2,369,1
6,0,363,1
6,0,364,1
6,1,365,1
6,1,369,1
6,2,365,2
6,3,366,2
6,3,367,1
6,3,368,1
6,3,371,1
6,3,374,2
6,4,372,1
6,8,371,1
6,8,372,2
6,8,378,1
6,9,372,1
6,10,373,1
6,10,374,1
6,11,380,1
6,12,376,1
6,12,385,1
6,13,376,1
6,14,398,1
6,15,379,1
6,17,380,1
6,17,389,1
6,20,387,1
6,21,386,1
6,28,397,1
6,33,399,1
6,36,400,1
6,36,404,1
6,36,411,1
6,37,410,1
6,40,408,1
6,44,409,1
6,45,418,1
6,47,411,1
6,47,426,1
6,53,420,1
6,65,439,1
6,65,453,1
6,70,437,1
6,76,454,1
6,79,458,1
6,81,539,1
7,-131,263,1
7,-89,319,1
7,-69,337,1
7,-47,342,1
7,-38,329,1
7,-38,338,1
7,-33,335,1
7,-33,338,1
7,-29,357,1
7,-26,339,1
7,-25,341,1
7,-24,342,1
7,-22,342,1
7,-21,344,1
7,-20,347,1
7,-20,348,1
7,-19,346,1
7,-19,347,1
7,-16,350,1
7,-16,352,1
7,-15,349,1
7,-14,357,1
7,-13,353,1
7,-13,391,1
7,-12,353,1
7,-12,355,1
7,-10,355,1
7,-9,355,1
7,-8,356,3
7,-7,357,1
7,-6,358,1
7,-6,359,1
7,-6,363,1
7,-6,364,1
7,-5,360,1
7,-5,362,1
7,-5,363,2
7,-5,370,1
7,-5,374,1
7,-5,375,1
7,-5,381,1
7,-4,361,1
7,-4,362,1
7,-3,361,2
7,-3,362,1
7,-3,363,1
7,-3,364,2
7,-2,362,2
7,-2,369,1
7,-2,370,1
7,-1,363,1
7,-1,364,1
7,-1,369,1
7,0,365,2
7,0,366,1
7,1,365,1
7,1,366,4
7,3,367,1
7,3,372,1
7,5,369,1
7,5,370,3
7,6,371,3
7,6,372,1
7,6,373,1
7,6,375,2
7,6,381,1
7,7,373,1
7,10,375,1
7,11,376,2
7,11,378,1
7,11,380,1
7,12,387,1
7,13,379,1
7,14,379,1
7,14,382,1
7,15,390,1
7,16,386,1
7,17,384,1
7,20,389,1
7,21,388,1
7,22,392,1
7,23,389,1
7,23,411,1
7,24,390,1
7,25,391,1
7,31,401,1
7,31,406,1
7,33,408,1
7,39,435,1
7,41,406,1
7,45,425,1
7,47,414,1
7,67,468,1
7,71,480,1
7,74,466,1
7,88,505,1
7,92,472,1
7,116,544,1
7,134,618,1
7,194,674,1
8,-170,226,1
8,-65,303,1
8,-57,310,2
8,-54,315,1
8,-39,329,1
8,-31,372,1
8,-27,368,1
8,-26,346,1
8,-25,340,1
8,-23,343,1
8,-23,344,1
8,-21,345,2
8,-19,354,1
8,-18,350,1
8,-17,349,2
8,-17,351,1
8,-15,363,1
8,-14,353,1
8,-13,353,1
8,-12,357,1
8,-11,355,1
8,-10,355,1
8,-10,366,1
8,-9,356,1
8,-8,360,2
8,-8,371,1
8,-7,361,1
8,-6,359,1
8,-5,360,1
8,-5,361,1
8,-5,362,1
8,-5,382,1
8,-4,360,3
8,-4,361,2
8,-4,363,1
8,-3,363,1
8,-3,366,1
8,-3,377,1
8,-2,366,1
8,-2,378,1
8,-2,379,1
8,-1,365,1
8,0,366,1
8,1,369,1
8,1,371,1
8,1,381,1
8,2,367,1
8,3,370,1
8,3,372,1
8,4,369,1
8,4,381,1
8,5,370,2
8,5,371,1
8,8,373,3
8,8,375,1
8,9,375,2
8,9,381,1
8,10,390,1
8,11,377,1
8,12,377,1
8,13,378,1
8,14,380,1
8,16,382,2
8,17,382,1
8,17,394,1
8,19,384,1
8,20,389,2
8,20,391,1
8,20,394,1
8,22,391,1
8,23,396,1
8,23,397,1
8,27,393,1
8,27,394,1
8,28,412,1
8,30,407,1
8,33,401,1
8,33,406,1
8,43,411,1
8,49,434,1
8,49,443,1
8,53,444,1
8,59,428,1
8,66,443,1
8,98,512,1
9,-201,281,1
9,-66,337,1
9,-54,322,1
9,-52,321,1
9,-39,332,1
9,-37,330,1
9,-34,334,1
9,-28,345,1
9,-26,344,1
9,-25,358,1
9,-23,382,1
9,-20,348,2
9,-14,354,1
9,-14,356,1
9,-13,355,1
9,-13,356,2
9,-12,355,1
9,-10,366,1
9,-9,359,1
9,-9,360,1
9,-8,359,1
9,-8,365,1
9,-7,359,1
9,-6,366,1
9,-5,363,1
9,-4,366,1
9,-3,364,1
9,-3,366,1
9,-2,368,1
9,-2,375,1
9,-1,365,1
9,0,366,1
9,0,373,1
9,1,367,1
9,1,368,2
9,2,368,1
9,2,369,1
9,2,375,1
9,3,372,1
9,4,371,1
9,4,372,1
9,4,393,1
9,5,371,1
9,5,374,2
9,5,375,1
9,6,372,2
9,7,372,1
9,7,373,1
9,7,374,1
9,8,375,2
9,10,377,1
9,10,383,1
9,10,385,1
9,11,377,1
9,13,380,2
9,13,381,1
9,15,383,1
9,15,387,1
9,16,383,1
9,16,384,1
9,19,387,1
9,19,395,1
9,20,387,1
9,21,392,1
9,25,393,1
9,26,467,1
9,28,396,1
9,30,427,1
9,34,414,1
9,48,438,1
9,53,445,1
9,54,433,1
9,65,438,1
9,65,484,1
9,80,474,1
9,83,473,1
9,83,484,1
9,93,464,1
9,108,535,1
10,-130,311,1
10,-106,313,1
10,-78,324,1
10,-73,304,1
10,-59,390,1
10,-56,319,1
10,-44,325,1
10,-38,359,1
10,-36,343,1
10,-31,339,1
10,-30,344,1
10,-29,340,1
10,-29,349,1
10,-27,368,1
10,-26,359,1
10,-23,349,1
10,-21,363,1
10,-21,376,1
10,-19,348,1
10,-17,352,1
10,-17,360,1
10,-13,355,1
10,-11,357,1
10,-10,361,1
10,-8,359,3
10,-7,360,1
10,-6,362,1
10,-6,363,1
10,-5,385,1
10,-4,363,1
10,-4,364,1
10,-3,364,1
10,-2,366,1
10,0,385,1
10,1,369,2
10,1,370,1
10,2,369,1
10,2,370,1
10,3,372,1
10,3,373,1
10,5,372,2
10,5,377,1
10,6,373,1
10,9,392,1
10,11,380,1
10,13,380,1
10,13,385,1
10,16,384,1
10,17,385,1
10,22,390,1
10,23,400,1
10,24,400,1
10,27,395,1
10,31,410,1
10,32,401,1
10,35,412,1
10,38,416,1
10,40,421,1
10,48,418,2
10,67,453,1
10,141,577,1
10,154,542,1
10,184,679,1
11,-91,300,1
11,-91,318,1
11,-61,313,1
11,-50,392,1
11,-48,333,1
11,-40,334,1
11,-36,336,1
11,-34,339,1
11,-34,341,1
11,-33,359,1
11,-27,343,1
11,-26,350,1
11,-25,344,1
11,-24,345,1
11,-24,348,1
11,-24,351,1
11,-22,347,1
11,-21,351,1
11,-20,348,1
11,-19,364,1
11,-15,353,1
11,-15,363,1
11,-12,361,1
11,-11,357,1
11,-11,358,1
11,-11,359,1
11,-11,367,1
11,-7,361,1
11,-4,364,1
11,-4,365,1
11,-4,373,1
11,-3,368,1
11,-2,367,1
11,-2,372,1
11,-1,369,1
11,-1,370,2
11,1,371,1
11,2,370,1
11,2,371,1
11,3,371,1
11,3,372,1
11,3,386,1
11,4,372,1
11,4,373,1
11,5,378,1
11,5,379,1
11,5,380,1
11,6,377,1
11,7,375,1
11,8,377,2
11,9,377,1
11,9,378,1
11,9,387,1
11,9,392,1
11,9,398,1
11,10,378,2
11,10,380,1
11,11,380,1
11,15,384,1
11,15,388,1
11,16,407,1
11,17,385,1
11,19,390,1
11,20,389,1
11,21,396,1
11,21,404,1
11,22,394,1
11,23,403,1
11,25,393,2
11,26,401,1
11,27,398,1
11,30,401,1
11,30,408,1
11,33,415,1
11,36,416,1
11,36,419,1
11,38,411,1
11,40,426,1
11,42,414,1
11,43,415,1
11,51,430,1
11,66,447,1
11,69,453,1
11,73,468,1
11,91,475,1
12,-170,222,1
12,-165,258,1
12,-114,267,1
12,-80,395,1
12,-74,319,1
12,-62,314,1
12,-58,401,1
12,-49,345,1
12,-47,327,1
12,-41,368,1
12,-39,335,1
12,-37,343,1
12,-37,405,1
12,-36,334,1
12,-34,360,1
12,-22,349,1
12,-20,352,1
12,-17,356,1
12,-15,354,1
12,-15,358,1
12,-11,359,1
12,-11,368,1
12,-10,360,1
12,-10,362,2
12,-9,381,1
12,-7,361,2
12,-7,364,2
12,-5,366,1
12,-5,370,1
12,-4,366,1
12,-3,367,1
12,-3,368,1
12,-3,374,1
12,-1,368,1
12,-1,370,1
12,0,373,1
12,1,371,1
12,1,373,1
12,2,372,1
12,2,380,1
12,2,388,1
12,4,374,1
12,4,375,1
12,4,376,2
12,6,376,1
12,7,411,1
12,12,382,2
12,12,393,1
12,13,383,1
12,15,401,1
12,17,387,1
12,18,392,1
12,19,390,1
12,21,424,1
12,22,392,1
12,23,397,1
12,38,413,1
12,40,424,1
12,41,411,1
12,43,415,1
12,50,425,1
12,53,428,1
12,65,439,1
12,84,466,1
12,133,630,1
13,-151,247,1
13,-120,332,1
13,-81,298,1
13,-67,317,1
13,-64,317,1
13,-64,319,1
13,-50,331,1
13,-50,345,1
13,-40,349,1
13,-38,335,1
13,-36,375,1
13,-35,378,1
13,-33,347,1
13,-32,343,1
13,-32,349,1
13,-24,352,1
13,-22,391,1
13,-20,366,1
13,-19,351,1
13,-16,355,1
13,-14,384,1
13,-9,362,2
13,-9,363,1
13,-9,365,1
13,-8,362,1
13,-7,365,1
13,-5,384,1
13,-3,367,1
13,-2,368,2
13,-2,376,1
13,-1,368,2
13,-1,370,1
13,-1,383,1
13,1,372,2
13,4,400,1
13,5,382,1
13,6,377,1
13,8,378,1
13,8,379,2
13,11,383,1
13,12,384,1
13,12,387,1
13,13,394,1
13,14,385,1
13,16,387,1
13,16,389,1
13,17,388,1
13,18,413,1
13,20,397,1
13,22,413,1
13,22,425,1
13,25,400,1
13,27,399,1
13,29,401,1
13,29,435,1
13,33,444,1
13,37,417,1
13,40,417,1
13,47,468,1
13,56,430,2
13,65,442,1
13,65,504,1
13,79,481,1
13,110,512,1
13,200,613,1
13,210,598,1
14,-137,314,1
14,-73,340,1
14,-62,333,1
14,-46,344,1
14,-45,389,1
14,-22,352,1
14,-17,356,1
14,-15,371,1
14,-13,373,1
14,-8,364,1
14,-8,371,1
14,-8,383,1
14,-5,366,1
14,-5,367,1
14,-5,369,1
14,-4,372,1
14,-4,373,1
14,-3,370,1
14,-3,372,1
14,-1,371,1
14,-1,389,1
14,0,373,1
14,1,372,2
14,1,378,1
14,3,377,1
14,4,383,1
14,5,378,1
14,7,379,1
14,7,383,1
14,8,378,1
14,11,382,1
14,11,383,1
14,13,384,1
14,14,385,2
14,16,398,1
14,18,390,1
14,18,391,1
14,19,392,1
14,19,393,1
14,20,395,1
14,24,416,1
14,31,404,1
14,31,405,1
14,35,409,1
14,39,430,1
14,44,438,1
14,46,436,1
14,48,444,1
14,53,432,1
14,65,455,1
14,71,455,1
14,73,448,2
14,209,600,1
15,-171,224,1
15,-119,314,1
15,-59,319,1
15,-55,336,1
15,-47,328,1
15,-30,365,1
15,-28,346,1
15,-28,350,1
15,-26,362,1
15,-25,427,1
15,-23,350,1
15,-23,351,2
15,-21,372,1
15,-17,355,2
15,-17,356,1
15,-13,366,1
15,-11,362,1
15,-11,364,1
15,-10,372,1
15,-9,364,1
15,-9,366,1
15,-9,371,1
15,-9,382,1
15,-7,365,1
15,-7,382,1
15,-6,367,1
15,-6,389,1
15,-5,370,1
15,0,373,1
15,3,376,1
15,3,378,1
15,4,377,1
15,6,407,1
15,9,381,1
15,10,388,1
15,12,392,1
15,14,391,1
15,15,388,1
15,17,391,1
15,17,396,1
15,18,399,1
15,19,392,1
15,21,404,1
15,22,397,1
15,30,410,1
15,32,406,1
15,33,415,1
15,36,428,1
15,42,417,1
15,58,438,1
15,65,445,1
15,66,446,1
15,76,474,2
16,-228,208,1
16,-145,283,1
16,-143,264,1
16,-112,329,1
16,-37,343,1
16,-29,373,1
16,-26,358,1
16,-23,356,1
16,-15,376,1
16,-14,373,1
16,-12,432,1
16,-10,365,1
16,-9,365,1
16,-8,380,1
16,-5,378,1
16,-4,372,1
16,-3,370,2
16,-1,373,1
16,0,382,1
16,1,375,1
16,2,377,1
16,5,378,1
16,5,379,1
16,6,384,1
16,7,453,1
16,8,383,1
16,9,383,1
16,9,386,1
16,9,388,1
16,12,387,1
16,12,393,1
16,13,386,1
16,13,387,1
16,13,391,1
16,13,394,1
16,14,388,1
16,14,389,1
16,14,399,1
16,15,389,2
16,15,395,1
16,17,392,1
16,19,395,1
16,20,406,1
16,22,402,1
16,24,398,1
16,26,400,1
16,26,406,1
16,26,407,1
16,36,424,1
16,37,419,1
16,43,430,1
16,50,449,1
16,69,448,1
16,71,517,1
16,72,483,1
17,-255,256,1
17,-164,377,1
17,-156,289,1
17,-134,304,1
17,-70,322,1
17,-62,321,1
17,-62,322,1
17,-54,327,1
17,-49,332,1
17,-40,338,1
17,-35,351,1
17,-32,343,1
17,-28,353,1
17,-19,368,1
17,-17,358,1
17,-16,360,1
17,-15,375,1
17,-13,362,1
17,-13,392,1
17,-8,373,1
17,-7,370,1
17,-6,381,1
17,-5,370,1
17,-3,371,1
17,-3,372,1
17,-3,378,1
17,-1,375,1
17,0,375,1
17,2,376,1
17,2,378,1
17,2,381,1
17,3,378,1
17,4,383,1
17,5,380,1
17,5,381,1
17,5,383,1
17,5,407,1
17,6,393,1
17,10,388,1
17,11,385,1
17,12,387,1
17,13,395,1
17,13,396,1
17,14,391,1
17,14,392,1
17,15,391,2
17,15,393,1
17,17,392,2
17,19,396,1
17,19,400,1
17,20,396,1
17,20,398,1
17,20,399,1
17,21,397,1
17,21,398,1
17,23,400,1
17,27,414,1
17,29,408,1
17,30,405,1
17,30,414,1
17,38,428,1
17,44,440,1
17,44,460,1
17,49,440,1
17,58,468,1
17,71,448,1
17,89,475,1
18,-63,316,1
18,-48,329,2
18,-45,335,1
18,-38,342,1
18,-31,348,1
18,-28,356,1
18,-26,352,1
18,-23,354,2
18,-21,379,1
18,-16,359,1
18,-16,360,1
18,-14,365,1
18,-13,366,1
18,-13,370,1
18,-8,368,1
18,-8,371,1
18,-7,368,1
18,-7,369,1
18,-7,370,1
18,-4,373,1
18,-2,380,1
18,-1,376,1
18,-1,377,1
18,-1,387,1
18,0,376,2
18,0,384,1
18,0,407,1
18,3,381,1
18,4,379,1
18,4,381,1
18,4,383,1
18,5,381,1
18,5,401,1
18,6,384,1
18,7,393,1
18,8,393,1
18,9,385,1
18,10,388,1
18,15,393,1
18,18,398,1
18,18,408,1
18,19,396,1
18,19,411,1
18,19,444,1
18,20,396,1
18,25,401,1
18,26,411,1
18,26,413,1
18,26,456,1
18,27,440,1
18,30,441,1
18,31,420,1
18,32,415,1
18,36,432,1
18,37,419,1
18,38,415,1
18,39,419,1
18,41,418,1
18,43,420,1
18,48,430,1
18,51,467,1
18,75,561,1
18,79,480,1
18,84,469,1
18,141,550,1
19,-216,198,1
19,-87,339,1
19,-84,314,1
19,-71,312,1
19,-70,326,1
19,-62,355,1
19,-51,333,1
19,-48,377,1
19,-45,342,1
19,-39,344,1
19,-24,400,1
19,-22,358,1
19,-22,423,1
19,-21,368,1
19,-15,365,1
19,-14,375,1
19,-13,376,1
19,-9,378,1
19,-5,372,2
19,-5,373,1
19,-5,378,1
19,-3,375,1
19,-1,377,1
19,1,409,1
19,1,411,1
19,2,379,1
19,2,434,1
19,6,383,2
19,6,391,1
19,7,393,1
19,16,393,2
19,18,397,1
19,18,400,1
19,21,415,1
19,22,418,1
19,23,401,1
19,24,401,1
19,25,410,1
19,26,407,1
19,30,420,1
19,37,415,1
19,42,436,1
19,53,434,1
19,69,454,1
19,79,469,1
19,168,591,1
20,-218,207,1
20,-179,264,1
20,-175,234,1
20,-62,335,1
20,-62,336,1
20,-53,343,1
20,-46,357,1
20,-46,381,1
20,-45,342,1
20,-39,351,1
20,-31,358,1
20,-29,349,1
20,-28,350,1
20,-24,364,1
20,-23,356,1
20,-23,374,1
20,-22,384,1
20,-21,360,1
20,-16,390,1
20,-15,371,1
20,-13,400,1
20,-12,370,1
20,-12,382,1
20,-11,369,1
20,-10,369,1
20,-10,378,1
20,-9,371,1
20,-7,391,1
20,-5,383,1
20,-3,375,1
20,-3,378,1
20,-1,462,1
20,1,379,1
20,3,383,1
20,5,399,1
20,6,385,1
20,6,386,1
20,7,384,1
20,9,387,1
20,13,390,1
20,13,393,1
20,13,394,1
20,15,395,1
20,17,400,1
20,17,402,1
20,19,402,1
20,22,433,1
20,27,423,1
20,31,420,1
20,32,410,1
20,32,413,1
20,34,413,1
20,35,414,1
20,35,415,1
20,35,417,1
20,36,422,1
20,47,431,1
20,48,429,1
20,48,448,1
20,49,447,1
20,84,465,1
20,98,536,1
20,122,508,1
20,124,526,1
20,128,514,1
20,147,560,1
20,208,628,1
20,233,671,1
20,234,672,1
21,-179,264,1
21,-55,328,1
21,-54,364,1
21,-52,330,1
21,-52,333,1
21,-50,347,1
21,-49,330,1
21,-42,375,1
21,-30,352,1
21,-29,352,1
21,-29,357,1
21,-28,355,1
21,-28,361,1
21,-27,357,1
21,-25,355,1
21,-25,383,1
21,-20,363,1
21,-20,365,1
21,-18,363,1
21,-16,364,1
21,-15,367,1
21,-10,370,2
21,-7,396,1
21,-6,373,1
21,-6,409,1
21,-3,376,1
21,-1,378,1
21,-1,380,1
21,-1,384,1
21,-1,385,1
21,-1,391,1
21,0,378,1
21,0,382,1
21,2,380,1
21,4,391,1
21,4,404,1
21,6,400,1
21,7,389,1
21,7,396,1
21,8,428,1
21,11,390,1
21,12,393,1
21,18,398,1
21,21,399,1
21,21,402,1
21,23,402,1
21,31,427,1
21,37,425,1
21,41,433,1
21,42,422,1
21,43,426,1
21,46,430,1
21,50,431,1
21,64,462,1
21,75,465,1
22,-147,247,1
22,-57,328,1
22,-54,330,1
22,-49,351,1
22,-44,338,1
22,-42,340,1
22,-35,361,1
22,-30,355,1
22,-13,382,1
22,-9,373,1
22,-7,375,1
22,-6,383,1
22,-4,378,1
22,-2,380,1
22,-2,382,1
22,1,384,1
22,4,393,1
22,8,388,1
22,8,400,1
22,9,392,1
22,9,407,1
22,12,393,1
22,14,395,1
22,19,414,1
22,23,417,1
22,25,406,1
22,27,412,1
22,28,410,1
22,31,421,1
22,32,412,1
22,35,459,1
22,39,476,1
22,46,430,1
22,48,430,1
22,50,440,1
22,67,459,1
22,68,452,1
22,72,455,1
22,83,496,1
22,83,497,1
22,100,486,1
23,-89,304,1
23,-86,353,1
23,-81,318,1
23,-74,367,1
23,-64,324,1
23,-53,339,1
23,-47,353,1
23,-42,341,1
23,-41,348,1
23,-39,348,1
23,-39,350,1
23,-38,354,1
23,-35,353,1
23,-34,353,1
23,-30,355,1
23,-24,372,1
23,-21,376,1
23,-20,362,1
23,-13,368,1
23,-13,383,1
23,-13,387,1
23,-11,380,1
23,-8,372,1
23,-6,383,1
23,-4,377,1
23,-4,380,1
23,-3,396,1
23,-2,383,1
23,1,399,1
23,2,382,2
23,2,383,1
23,2,386,1
23,12,394,1
23,13,408,1
23,14,398,1
23,15,399,1
23,15,428,1
23,16,398,1
23,18,401,1
23,19,404,1
23,21,402,1
23,36,435,1
23,37,427,1
23,40,424,1
23,44,443,1
23,49,434,1
23,51,439,1
23,66,457,1
23,73,458,1
23,103,506,1
23,103,546,1
23,139,537,1
24,-189,212,1
24,-162,235,1
24,-56,350,1
24,-48,336,1
24,-28,357,1
24,-25,358,1
24,-25,363,1
24,-23,359,1
24,-16,403,1
24,-14,370,1
24,-13,380,1
24,-12,400,1
24,-11,374,1
24,-11,377,1
24,-10,375,1
24,-7,380,1
24,-5,395,1
24,-5,405,1
24,-3,379,1
24,-3,380,1
24,-1,382,1
24,0,383,1
24,2,384,1
24,2,386,1
24,4,387,1
24,5,387,1
24,6,398,1
24,7,392,1
24,10,394,1
24,14,398,1
24,16,400,1
24,19,415,1
24,32,419,1
24,33,418,1
24,36,430,1
24,41,482,1
24,47,439,1
24,50,466,1
24,73,493,1
24,89,502,1
24,93,525,1
24,95,481,1
24,107,511,1
25,-156,292,1
25,-146,296,1
25,-128,340,1
25,-90,329,1
25,-59,341,1
25,-58,327,1
25,-56,338,1
25,-55,399,1
25,-51,356,1
25,-38,349,1
25,-27,356,1
25,-27,357,1
25,-26,364,1
25,-17,370,2
25,-12,372,1
25,-6,391,1
25,-6,403,1
25,-5,382,1
25,-1,391,1
25,0,384,1
25,0,395,1
25,2,391,1
25,2,394,1
25,3,388,1
25,5,387,1
25,8,392,1
25,8,405,1
25,9,402,1
25,15,416,1
25,19,407,1
25,22,405,1
25,23,414,1
25,28,412,1
25,28,416,1
25,29,412,2
25,31,418,1
25,33,450,1
25,38,430,1
25,42,430,1
25,43,442,1
25,46,436,1
25,47,459,1
25,48,468,1
25,62,485,1
25,88,485,1
25,104,495,2
26,-141,255,1
26,-122,328,1
26,-110,286,1
26,-64,331,1
26,-45,352,1
26,-37,361,1
26,-37,452,1
26,-23,368,1
26,-19,378,1
26,-18,372,1
26,-17,379,1
26,-14,393,1
26,-5,383,1
26,-4,385,1
26,-4,390,1
26,-2,386,1
26,0,386,1
26,2,387,2
26,3,387,1
26,5,389,1
26,5,390,1
26,6,397,1
26,7,397,1
26,9,394,1
26,9,401,1
26,10,404,1
26,12,400,1
26,13,396,2
26,17,405,1
26,19,425,1
26,20,405,1
26,23,423,1
26,32,417,1
26,32,422,1
26,33,418,1
26,55,458,1
26,63,454,1
26,87,511,1
26,88,485,1
27,-106,317,1
27,-69,336,1
27,-52,354,1
27,-48,344,1
27,-47,342,1
27,-42,347,1
27,-35,353,1
27,-33,374,1
27,-30,359,1
27,-24,368,1
27,-19,366,1
27,-18,371,1
27,-18,394,1
27,-17,370,1
27,-9,377,1
27,-8,380,1
27,-7,381,1
27,-6,396,1
27,-1,390,1
27,1,388,1
27,5,394,1
27,7,395,1
27,8,399,1
27,9,396,1
27,13,403,1
27,15,414,1
27,25,413,1
27,25,415,1
27,28,419,1
27,32,439,1
27,33,419,1
27,37,427,1
27,43,452,1
27,54,452,1
27,66,476,1
27,68,492,1
27,224,658,1
28,-148,249,1
28,-89,362,1
28,-72,335,1
28,-56,357,1
28,-54,336,2
28,-53,360,1
28,-52,347,1
28,-52,360,1
28,-48,341,1
28,-31,369,1
28,-22,372,1
28,-21,385,1
28,-20,371,1
28,-15,374,1
28,-9,380,1
28,-8,381,1
28,-7,383,1
28,1,494,1
28,4,394,1
28,6,394,1
28,7,394,1
28,8,401,1
28,11,398,1
28,17,408,2
28,20,408,1
28,21,408,1
28,24,418,1
28,34,421,1
28,42,432,1
28,43,453,1
28,44,444,1
28,45,465,1
28,46,447,1
28,55,450,1
28,56,447,1
28,56,466,1
28,58,450,1
28,71,519,1
29,-92,360,1
29,-75,331,1
29,-66,356,1
29,-43,380,1
29,-38,352,1
29,-29,366,1
29,-19,379,1
29,-13,389,1
29,-2,391,1
29,2,420,1
29,6,392,1
29,6,394,1
29,6,399,1
29,8,412,1
29,17,416,1
29,19,408,1
29,22,421,1
29,24,424,1
29,27,420,1
29,35,424,1
29,36,428,1
29,43,433,1
29,52,444,1
29,66,463,1
29,71,481,1
29,131,592,1
30,-159,260,1
30,-118,284,1
30,-80,313,1
30,-73,397,1
30,-55,347,1
30,-55,367,1
30,-48,356,1
30,-48,378,1
30,-28,367,1
30,-13,433,1
30,-10,383,1
30,-4,387,1
30,4,394,2
30,6,398,1
30,9,399,1
30,17,427,1
30,20,419,1
30,21,412,1
30,21,438,1
30,21,439,1
30,23,429,1
30,24,415,1
30,40,445,1
30,43,434,1
30,59,451,1
30,67,477,1
30,75,514,1
30,123,539,1
30,204,639,1
31,-112,289,1
31,-83,363,1
31,-63,347,1
31,-62,343,1
31,-31,374,1
31,-27,422,1
31,-19,373,1
31,-6,528,1
31,-3,388,1
31,-2,388,1
31,-1,394,1
31,0,392,1
31,0,401,1
31,0,419,1
31,1,396,1
31,5,395,1
31,6,396,1
31,7,403,1
31,8,400,1
31,14,403,1
31,14,416,1
31,18,408,1
31,18,415,1
31,31,446,1
31,33,422,1
31,36,431,1
31,38,432,1
31,41,434,1
31,145,618,1
31,183,670,1
32,-134,302,1
32,-133,312,1
32,-110,328,1
32,-95,314,1
32,-41,362,1
32,-33,360,1
32,-29,373,1
32,-17,379,1
32,-17,397,1
32,-15,390,1
32,-8,388,2
32,-7,387,1
32,-6,385,1
32,-3,412,1
32,2,409,1
32,3,417,1
32,4,408,1
32,5,395,1
32,10,406,1
32,12,412,1
32,14,404,1
32,21,419,1
32,25,417,1
32,25,422,1
32,25,423,1
32,28,449,1
32,36,476,1
32,40,434,1
32,40,436,1
32,41,440,1
32,42,454,1
32,55,449,1
32,60,451,2
32,73,484,1
32,77,505,1
32,88,526,1
32,92,487,1
32,107,527,1
32,139,549,1
32,166,652,1
32,194,598,1
33,-134,283,1
33,-92,316,1
33,-85,352,1
33,-81,338,1
33,-71,334,1
33,-62,353,1
33,-55,410,1
33,-32,383,1
33,-31,375,1
33,-27,365,1
33,-25,370,1
33,-23,370,1
33,-22,374,1
33,-17,386,1
33,-14,381,1
33,-14,383,1
33,-14,390,1
33,-9,385,1
33,-5,392,1
33,-5,406,1
33,5,407,1
33,16,412,1
33,20,416,1
33,22,417,1
33,25,416,2
33,27,422,1
33,28,419,1
33,31,428,1
33,43,449,1
33,46,453,1
33,50,451,1
33,73,488,1
33,125,538,1
33,176,632,1
33,180,595,1
33,182,597,1
34,-132,282,1
34,-102,418,1
34,-65,337,1
34,-58,344,1
34,-47,349,1
34,-42,351,1
34,-28,364,1
34,-26,374,1
34,-25,368,1
34,-23,382,1
34,-21,375,1
34,-18,380,1
34,-18,384,1
34,-14,413,1
34,-2,396,1
34,0,393,1
34,1,394,1
34,1,405,1
34,5,400,1
34,11,405,1
34,16,417,1
34,18,410,1
34,18,411,1
34,26,423,1
34,28,438,1
34,30,431,2
34,35,429,1
34,36,429,1
34,39,449,1
34,40,439,1
34,44,493,1
34,44,502,1
34,62,472,1
34,118,543,1
35,-138,271,1
35,-106,295,1
35,-44,385,1
35,-43,357,1
35,-10,409,1
35,-3,395,1
35,-3,399,1
35,6,400,1
35,7,402,2
35,17,413,1
35,20,417,1
35,23,417,1
35,23,418,1
35,25,421,1
35,25,424,1
35,26,422,1
35,27,420,1
35,31,425,1
35,31,436,1
35,32,424,1
35,35,430,1
35,51,494,1
35,55,450,1
35,56,489,1
35,73,525,1
35,94,500,1
35,116,549,1
35,183,624,1
36,-211,240,1
36,-152,280,1
36,-87,430,1
36,-54,353,1
36,-45,351,1
36,-40,357,1
36,-37,376,1
36,-28,371,1
36,-28,375,1
36,-22,383,1
36,-17,383,1
36,-16,380,1
36,-14,386,1
36,-3,393,1
36,1,396,2
36,5,400,1
36,5,401,1
36,9,404,1
36,12,425,1
36,46,486,1
36,53,474,1
36,59,465,1
36,62,468,1
36,66,471,1
36,83,490,1
36,91,489,1
36,101,515,1
37,-122,287,1
37,-105,368,1
37,-103,309,2
37,-98,326,1
37,-96,376,1
37,-73,341,1
37,-56,354,1
37,-49,353,1
37,-40,357,1
37,-39,392,1
37,-24,379,1
37,-24,386,1
37,-24,407,1
37,-23,374,1
37,-13,383,1
37,-9,412,1
37,-4,400,1
37,-2,425,1
37,-1,403,1
37,0,397,1
37,6,411,1
37,11,420,1
37,14,420,1
37,25,437,1
37,32,443,1
37,49,448,1
37,54,450,1
37,54,507,1
37,58,463,1
37,63,460,1
37,65,478,1
37,67,474,1
37,71,516,1
37,85,489,1
37,87,567,1
38,-85,346,1
38,-74,346,1
38,-66,378,1
38,-37,374,1
38,-36,372,1
38,-22,375,1
38,-17,402,1
38,-13,383,1
38,-11,396,1
38,-5,423,1
38,-1,396,1
38,-1,422,1
38,2,405,1
38,4,401,1
38,8,410,1
38,8,412,1
38,9,406,1
38,9,437,1
38,11,421,1
38,31,431,1
38,32,446,1
38,36,441,1
38,43,450,1
38,44,448,1
38,51,452,1
38,63,460,1
38,84,492,1
38,85,492,1
38,121,544,1
38,179,607,1
39,-117,301,1
39,-56,348,1
39,-52,370,1
39,-48,359,1
39,-44,354,1
39,-37,368,1
39,-15,392,1
39,-8,398,1
39,-2,399,1
39,3,406,1
39,8,416,1
39,17,417,1
39,19,419,1
39,20,433,1
39,22,420,1
39,25,447,1
39,28,452,1
39,30,435,1
39,32,434,1
39,34,450,1
39,44,447,1
39,45,444,1
39,45,449,1
39,106,570,1
39,107,520,1
40,-201,239,1
40,-88,331,1
40,-79,324,1
40,-50,353,1
40,-46,369,1
40,-43,429,1
40,-22,388,1
40,-15,402,2
40,-13,405,1
40,-8,408,1
40,-6,396,1
40,-6,404,1
40,-2,402,1
40,-1,446,1
40,2,400,1
40,6,407,1
40,7,405,1
40,22,420,1
40,23,427,1
40,27,441,1
40,33,458,1
40,60,477,1
40,70,485,1
40,114,546,1
41,-87,338,1
41,-52,421,1
41,-39,371,1
41,-38,365,1
41,-38,375,1
41,-27,374,1
41,-21,389,1
41,-12,395,1
41,-6,396,1
41,-6,407,1
41,-6,435,1
41,2,401,1
41,4,414,1
41,5,424,1
41,7,413,1
41,9,419,1
41,9,420,1
41,32,445,1
41,34,434,1
41,35,453,1
41,50,455,1
41,66,473,1
41,67,483,1
41,76,507,1
41,85,496,1
42,-148,270,1
42,-147,399,1
42,-145,270,1
42,-66,368,1
42,-59,347,1
42,-30,372,1
42,-27,387,1
42,-21,397,1
42,-19,388,1
42,-10,404,1
42,-6,401,1
42,12,413,1
42,13,417,1
42,20,420,1
42,22,430,1
42,24,430,1
42,33,436,1
42,36,439,1
42,39,442,1
42,40,445,1
42,40,447,1
42,41,446,1
42,53,457,1
42,87,565,1
43,-143,268,1
43,-118,314,1
43,-108,334,1
43,-93,364,1
43,-82,371,1
43,-53,391,1
43,-48,359,1
43,-31,389,1
43,-30,400,1
43,-28,375,1
43,-26,379,1
43,-26,388,1
43,-25,381,1
43,-25,394,1
43,-18,391,1
43,-12,415,1
43,-8,393,2
43,2,420,1
43,4,411,1
43,9,410,1
43,10,411,1
43,11,430,1
43,13,437,1
43,19,465,1
43,29,433,1
43,29,447,1
43,34,459,1
43,68,482,1
43,70,476,1
43,74,513,1
43,101,563,1
44,-143,269,1
44,-81,331,1
44,-55,357,1
44,-52,370,1
44,-39,365,1
44,-39,402,1
44,-25,389,1
44,-18,390,1
44,-18,393,1
44,-14,441,1
44,-12,483,1
44,-6,419,1
44,-1,413,1
44,9,422,1
44,11,415,1
44,12,427,1
44,27,429,1
44,34,449,1
44,54,467,1
44,66,516,1
44,88,498,1
45,-25,397,1
45,-20,389,1
45,-7,397,1
45,-3,428,1
45,2,438,1
45,3,415,1
45,3,416,1
45,11,418,1
45,11,422,1
45,14,430,1
45,15,423,1
45,15,434,1
45,17,423,1
45,17,441,1
45,18,427,1
45,20,424,1
45,20,436,1
45,30,434,1
45,30,435,1
45,60,485,1
45,68,497,1
45,124,551,1
45,142,558,1
45,146,562,1
46,-55,361,1
46,-24,385,1
46,-23,383,1
46,-12,410,1
46,-10,407,1
46,7,425,1
46,8,420,1
46,8,467,1
46,13,453,1
46,20,436,1
46,23,450,1
46,33,439,1
46,40,449,1
46,75,488,1
46,78,513,1
47,-155,273,1
47,-95,544,1
47,-73,349,1
47,-65,359,1
47,-57,375,1
47,-55,356,1
47,-55,380,1
47,-39,370,1
47,-31,397,1
47,-29,399,1
47,-13,423,1
47,-12,400,1
47,-10,417,1
47,-2,412,1
47,4,449,1
47,8,416,1
47,10,430,1
47,13,435,1
47,14,442,1
47,17,426,2
47,20,436,1
47,41,474,1
47,46,504,1
47,52,472,1
47,53,489,1
47,55,473,1
47,56,465,1
48,-78,369,1
48,-57,352,1
48,-53,362,1
48,-39,384,1
48,-15,414,1
48,-1,442,1
48,0,411,1
48,0,412,1
48,1,427,1
48,11,423,1
48,12,442,1
48,15,446,1
48,17,428,2
48,20,434,1
48,25,434,1
48,27,457,1
48,30,440,1
48,38,463,1
48,42,458,1
48,49,476,1
48,79,508,1
48,81,497,1
49,-87,331,1
49,-64,391,1
49,-62,353,1
49,-47,371,1
49,-43,395,1
49,-41,377,1
49,-19,390,1
49,-18,390,1
49,-17,490,1
49,-4,433,1
49,-2,452,1
49,15,423,1
49,21,460,1
49,50,473,1
49,58,470,1
50,-146,337,1
50,-127,446,1
50,-89,329,1
50,-86,335,1
50,-85,346,1
50,-55,361,1
50,-55,363,1
50,-27,389,1
50,-18,414,1
50,-12,428,1
50,-1,411,1
50,12,424,1
50,29,445,1
50,30,472,1
50,37,460,1
50,48,457,2
50,82,501,1
50,126,553,1
50,127,546,1
50,180,617,1
50,257,715,1
51,-238,315,1
51,-185,245,1
51,-128,313,1
51,-75,347,1
51,-46,376,1
51,-41,388,1
51,-9,461,1
51,5,424,1
51,11,426,1
51,11,437,2
51,13,422,1
51,15,430,1
51,24,448,1
51,31,441,1
51,38,475,1
51,44,464,1
51,45,463,1
51,66,499,1
51,73,505,1
52,-52,498,1
52,-36,383,1
52,-31,414,1
52,10,500,1
52,17,429,1
52,22,437,2
52,26,440,1
52,42,459,1
52,42,463,1
52,45,498,1
52,56,506,1
52,62,522,1
53,-58,368,1
53,-36,411,1
53,-27,396,1
53,-18,427,1
53,-17,428,1
53,1,418,1
53,3,429,1
53,6,426,1
53,12,450,1
53,15,431,1
53,23,445,1
53,27,440,1
53,31,481,1
53,36,489,1
53,63,495,1
53,68,499,1
53,81,501,1
53,91,513,1
53,161,600,1
54,-111,318,1
54,-107,322,1
54,-103,322,1
54,-70,388,1
54,-65,382,1
54,-44,373,2
54,17,449,1
54,35,462,1
54,36,453,1
54,48,470,1
54,56,497,1
54,69,503,1
54,86,511,1
54,162,602,1
54,175,652,1
55,-102,370,1
55,-64,361,1
55,-56,366,1
55,-41,377,1
55,-23,417,1
55,-19,399,1
55,-17,410,1
55,-16,410,1
55,-11,418,1
55,21,437,1
55,27,472,1
55,28,452,1
55,42,504,1
55,60,478,1
55,73,495,1
55,100,525,1
55,192,687,1
55,222,672,1
56,-103,325,1
56,-56,365,1
56,-47,387,1
56,-41,375,1
56,-16,415,1
56,-15,414,1
56,3,443,1
56,53,478,1
56,62,493,1
56,75,514,1
57,-176,298,1
57,-72,357,1
57,-42,379,2
57,-33,385,2
57,-25,407,1
57,-8,414,1
57,3,435,1
57,7,444,1
57,14,430,1
57,20,444,1
57,36,468,1
57,37,466,1
57,40,469,1
57,41,461,1
57,43,465,1
57,45,464,1
57,46,474,1
57,50,483,1
57,94,594,1
57,99,555,1
58,-58,403,1
58,-45,424,1
58,-31,414,1
58,-25,406,1
58,-13,424,1
58,-9,425,1
58,-7,437,1
58,4,425,1
58,10,462,1
58,11,435,1
58,13,447,1
58,19,439,1
58,35,455,1
58,61,494,1
58,62,547,1
58,83,509,1
58,85,507,1
58,86,508,2
59,-164,354,1
59,-90,373,1
59,-20,399,1
59,4,425,1
59,10,437,1
59,18,454,1
59,23,444,1
59,59,497,1
59,85,511,1
59,93,532,1
60,-147,293,1
60,-26,412,1
60,-20,409,1
60,0,444,1
60,7,434,1
60,10,442,1
60,13,438,1
60,24,466,1
60,34,458,1
60,53,512,1
60,80,587,1
60,85,522,1
60,124,697,1
61,-147,285,1
61,-65,415,1
61,-63,362,1
61,-10,442,1
61,4,433,1
61,15,452,1
61,21,442,1
61,32,468,1
61,41,496,1
61,62,506,1
61,106,613,1
61,115,562,1
62,-89,389,1
62,-79,470,1
62,-71,368,1
62,-51,383,1
62,-39,432,1
62,-38,432,1
62,-37,428,1
62,-23,401,1
62,-5,427,1
62,24,457,1
62,24,472,1
62,39,494,1
62,53,483,1
62,59,507,1
62,69,495,1
62,71,537,1
62,97,546,1
63,-57,384,1
63,-53,405,1
63,-51,401,1
63,-35,392,1
63,-22,401,1
63,26,466,1
63,41,467,1
64,-222,232,1
64,-109,356,1
64,-102,382,1
64,-64,365,1
64,-61,372,1
64,-31,397,1
64,-2,427,1
64,-2,466,1
64,10,617,1
64,15,447,1
64,16,485,1
64,31,458,1
64,33,456,1
64,59,487,1
64,60,491,1
64,67,497,1
64,68,501,1
64,82,559,1
64,113,547,1
64,141,571,1
64,145,573,1
64,178,628,1
65,-94,366,1
65,-87,420,1
65,-65,389,1
65,-61,394,1
65,-59,402,1
65,3,438,1
65,17,446,1
65,21,464,1
66,-102,473,1
66,-73,376,1
66,-57,378,1
66,-54,379,1
66,-54,381,1
66,-16,416,1
66,39,471,1
66,51,478,1
66,87,540,1
66,111,561,1
66,193,690,1
67,-163,322,1
67,-113,374,1
67,-91,375,1
67,-78,387,1
67,-27,432,1
67,-7,461,1
67,14,455,1
67,15,445,1
67,26,473,1
67,26,484,1
67,29,462,1
67,45,475,1
67,59,495,1
68,-125,329,1
68,-87,344,1
68,-63,389,1
68,-20,408,1
68,6,435,1
68,15,509,1
68,18,456,1
68,33,468,1
68,58,552,1
69,-93,362,1
69,-56,408,1
69,-48,384,1
69,-34,400,1
69,9,463,1
69,10,445,1
69,15,448,1
69,23,455,1
69,24,459,1
69,79,533,1
69,87,523,1
69,156,660,1
70,-178,321,1
70,-123,349,1
70,-40,391,1
70,-39,408,1
70,-35,401,1
70,-18,422,1
70,-5,440,1
70,8,474,1
70,24,510,1
70,34,484,1
70,42,491,1
70,55,514,1
71,-123,350,1
71,-83,380,1
71,-78,380,1
71,-61,391,1
71,-58,416,1
71,0,450,1
71,16,457,1
71,19,501,1
71,25,467,1
71,52,487,1
71,60,529,1
71,68,541,1
72,-246,264,1
72,-16,430,1
72,2,449,1
72,13,456,1
72,29,477,1
72,40,519,1
72,41,474,1
72,56,527,1
72,63,517,1
72,77,522,1
72,179,684,1
72,202,740,1
73,-105,359,1
73,-39,510,1
73,-33,402,1
73,-3,461,1
73,-1,453,1
73,16,465,1
73,32,488,1
73,125,576,1
73,135,691,1
74,-175,301,1
74,-57,391,1
74,-52,392,1
74,-41,423,1
74,-29,427,1
74,-8,508,1
74,23,466,1
74,23,475,1
74,36,493,1
74,62,550,1
74,93,547,1
74,104,596,1
74,157,619,1
75,-179,349,1
75,-19,420,1
75,11,447,1
75,14,455,1
75,40,487,1
75,41,486,1
75,43,502,1
75,65,508,1
75,143,591,1
76,-42,398,1
76,-25,413,1
76,-23,416,1
76,10,451,1
76,19,476,1
76,26,468,1
76,77,519,1
76,89,531,1
76,132,585,1
77,-50,396,1
77,-42,421,1
77,18,456,1
77,20,469,1
77,36,496,1
77,48,500,1
78,-124,319,1
78,-87,395,1
78,-55,450,1
78,-28,433,1
78,-27,420,1
78,-25,414,1
78,-11,433,1
78,-2,494,1
78,5,450,1
78,11,483,1
78,12,516,1
78,18,456,1
78,30,496,1
78,49,574,1
78,154,617,1
79,-207,260,1
79,-39,435,1
79,-23,427,1
79,-3,492,1
79,11,502,1
79,31,498,1
79,69,526,1
79,116,614,1
79,118,638,1
80,-21,422,1
80,4,478,1
80,21,473,1
80,21,474,1
80,33,482,1
80,36,476,1
80,40,502,1
80,150,683,1
81,-120,328,1
81,-119,352,2
81,-80,370,1
81,-69,419,1
81,-67,425,1
81,-48,435,1
81,15,488,1
81,110,559,1
81,119,595,1
82,-171,280,1
82,-61,387,1
82,-8,457,1
82,35,489,1
82,132,624,1
82,197,711,1
83,-158,327,1
83,-148,323,1
83,-47,406,1
83,7,451,2
83,39,554,1
84,-164,297,1
84,-163,298,1
84,-163,299,1
84,-122,327,1
84,-97,401,1
84,-6,439,1
84,3,461,1
84,15,471,1
84,29,486,1
84,46,514,1
84,111,567,1
84,156,614,1
85,-1,447,1
85,2,480,1
85,34,514,1
86,-65,402,1
86,-5,449,1
86,0,482,1
86,1,483,1
86,60,521,1
87,-18,485,1
87,81,605,1
88,-21,444,1
88,-6,446,1
88,-4,479,1
88,-1,529,1
88,5,566,1
88,11,496,1
88,69,522,1
89,-237,320,1
89,-62,418,1
89,-52,494,1
89,-50,413,1
89,-45,529,1
89,-22,490,1
89,-16,485,1
89,-15,486,1
89,-7,468,1
89,35,514,1
89,38,486,2
89,120,579,1
89,129,634,1
89,162,628,1
89,181,697,1
90,-154,343,1
90,-37,425,1
90,90,555,1
91,13,466,2
91,44,505,1
91,88,550,1
91,141,608,1
91,156,639,1
91,216,698,1
92,-94,365,1
92,-36,441,1
92,-32,468,1
92,-26,460,1
92,11,481,1
92,21,502,1
92,112,642,1
92,192,744,1
92,217,697,1
93,-37,443,1
93,-20,480,1
93,-12,484,1
93,15,557,1
94,-77,391,1
94,-71,390,1
94,-55,404,1
95,-125,388,1
95,24,497,1
95,92,631,1
96,1,458,1
96,61,554,1
96,70,570,1
97,-82,391,1
97,-72,397,1
97,-57,423,1
97,-22,450,1
97,-17,476,1
97,-3,468,1
97,24,498,1
97,25,516,1
97,66,545,1
97,108,582,1
97,148,705,1
98,-108,363,1
98,-49,438,1
98,55,575,1
98,61,533,1
99,-235,345,1
99,-55,410,1
99,-45,442,1
99,1,486,1
99,50,518,1
99,130,610,1
100,-235,348,1
100,32,546,1
100,92,569,1
100,99,569,1
100,128,607,2
101,-155,354,1
101,-113,362,1
101,-19,498,2
101,34,508,1
101,92,582,1
101,101,594,2
101,101,602,1
102,-147,333,1
102,-22,457,1
102,33,499,1
103,20,497,1
103,29,494,1
103,44,512,1
103,97,568,1
104,-99,414,1
104,-59,512,1
104,-41,431,1
104,42,616,1
104,59,573,1
105,-31,444,1
105,-21,467,1
105,20,504,1
105,21,529,1
106,-108,369,1
106,-104,424,1
106,-22,468,1
106,-22,474,1
106,22,499,1
107,-99,410,1
107,-11,495,1
107,37,523,1
107,86,577,1
108,-31,512,1
108,33,519,1
109,-70,406,1
109,5,551,1
109,41,646,1
110,-105,471,1
110,-70,428,1
110,-70,430,1
110,-66,421,1
110,-64,425,1
110,28,526,1
110,29,502,1
110,49,528,1
110,134,631,1
110,162,667,1
111,-104,392,1
111,-39,493,1
111,11,481,1
111,54,561,1
112,-140,393,1
113,-79,455,1
113,-23,487,1
113,39,532,1
114,-33,533,1
114,-11,579,1
114,-4,546,1
114,5,485,1
115,-192,425,1
115,-119,392,1
115,-94,390,1
115,-79,408,1
115,-67,422,1
115,-12,495,1
115,37,577,1
115,58,555,1
115,73,553,1
115,102,612,1
115,187,733,1
116,-124,384,1
116,-39,465,1
116,-29,497,1
116,42,592,1
116,103,695,1
117,-82,442,1
117,-38,457,1
117,-30,452,1
117,33,572,1
117,80,573,1
117,81,563,1
118,-69,425,1
118,169,742,1
119,-53,519,1
119,134,645,1
119,142,658,1
119,207,760,1
119,245,755,1
120,-139,407,1
120,0,547,1
120,76,614,1
120,103,600,1
121,-112,403,1
121,5,513,1
121,30,537,1
121,205,756,1
122,-42,483,1
122,-13,502,1
122,81,574,1
122,212,736,1
123,-135,456,1
123,1,514,1
123,106,619,1
124,-67,439,1
124,-47,458,1
125,8,501,1
125,21,519,1
126,111,665,1
127,115,629,1
128,-88,449,1
128,5,503,1
129,-98,433,1
129,-98,434,1
129,14,563,1
129,24,610,1
130,48,563,1
131,-59,440,2
131,-48,458,1
131,-33,543,1
131,-1,504,1
132,-25,487,1
134,-147,369,1
134,8,518,1
134,93,598,1
134,168,678,1
135,-95,420,1
135,-81,483,1
136,29,544,1
136,134,738,1
136,188,750,1
136,193,722,1
137,60,615,1
138,-163,380,1
138,-53,515,1
138,-27,523,1
138,-19,491,1
138,177,696,1
139,-167,454,1
139,-155,369,1
139,-99,451,1
139,-39,487,1
139,50,562,1
139,179,701,1
142,-138,444,1
142,-30,531,1
142,78,627,1
142,137,681,1
143,-51,499,1
143,105,632,1
144,-23,492,1
144,-23,493,1
145,-236,453,1
145,174,703,1
146,62,610,1
146,95,619,1
146,136,680,1
147,-146,387,1
147,-23,499,1
147,36,631,1
147,56,631,1
147,68,731,1
148,-107,520,1
148,-92,468,1
148,11,555,1
149,-203,357,1
149,-31,533,1
149,-3,547,1
150,-149,389,1
150,-11,544,1
152,-4,518,1
153,-57,489,1
153,34,614,1
154,-57,505,1
154,138,706,1
154,192,759,1
155,-57,505,1
155,39,611,1
157,93,663,1
159,-122,449,1
160,-38,508,1
162,-99,455,1
162,-99,460,1
162,16,584,1
163,-169,428,1
163,-2,543,1
164,-48,518,2
164,-41,504,1
164,-34,519,1
165,1,540,1
165,39,600,1
167,-149,457,1
167,-69,526,1
167,77,634,1
168,44,601,1
171,-44,519,1
171,1,556,1
172,1,593,1
174,-38,658,1
174,68,705,1
175,-65,505,1
176,-256,472,1
177,-9,584,1
178,-222,485,1
178,-8,582,1
180,31,608,1
180,37,637,1
181,-240,398,1
181,-138,542,1
181,-89,530,1
182,-75,504,1
183,-141,430,1
184,-145,425,1
184,99,697,1
185,31,656,1
185,60,632,1
186,-134,460,1
187,-240,436,1
187,-133,459,1
188,-170,443,1
189,-111,558,1
189,177,752,1
190,141,729,1
191,-177,437,1
192,-126,467,1
193,-14,584,1
193,83,733,1
193,146,735,1
194,66,709,1
199,-2,609,1
200,-149,555,1
202,89,676,1
203,24,644,1
204,-128,575,1
205,-218,445,1
216,20,664,1
217,92,705,1
218,-262,376,1
218,-260,380,1
218,-139,635,1
219,26,674,1
220,-76,594,1
224,-164,712,1
227,-85,582,1
228,-69,632,1
231,-84,618,1
232,98,753,1
233,-91,603,1
234,42,690,1
234,43,690,1
235,100,746,1
238,-87,644,1
